"draw","eip_chain","eip_iter","s_half_eip","nH_eip","rho_frac","tra_chain","tra_iter","s_half_pre","nH_pre","B_max_post","s_half_post","nH_post","omega_atn","p_atn_u","p_atn_atn","p_atn_aitn","half_life_years"
1,3,1208,3.05139588678132,7.23688937476468,0.191940288654247,3,850,2.16787851253573,4.41367914142335,0.999927100298295,0.723413818694117,5.45966525806307,0.95564349701525,0.0864627964328974,0.857349808769449,0.771669654806822,5.58340389497416
2,4,1760,2.95928191975069,6.49524762180341,0.173878978833154,2,1611,1.98467759879168,4.96910879266229,0.999921544175561,1.06022223516801,8.05541139319736,0.923613979085656,0.132980322698131,0.878528099314608,0.799270250273972,2.131788091552
3,1,65,2.96110174410898,5.27594968340349,0.17001605403504,3,1843,1.86173232132145,4.96636365899569,0.999998373819866,0.955286615518907,14.4216585418971,0.924230726578954,0.556872298242524,0.956590884034784,0.910359613081299,3.7722593300254
4,1,979,2.83301601939526,2.82518383923576,0.189470349954084,1,1470,1.74452169591519,5.29510311622965,0.999989909715675,1.17924988136979,3.5345864183707,0.949558252090719,0.447677336633205,0.943577740340651,0.890286772425069,2.1036073851901
5,1,1269,3.15192070195179,2.55861843403461,0.172138925026124,2,33,2.44790963066905,3.49534325747225,0.999888741511163,0.694971964788622,5.80148066171256,0.908044973985517,0.704419096000493,0.971511141136523,0.934889253418646,1.55202087253531
6,4,1285,2.7274252943882,2.63132369112586,0.164269255867187,2,1949,2.10452063212254,4.44426354328436,0.999965477681067,0.99283344322899,6.4837946275491,0.915683569893023,0.250814378960058,0.911339925785368,0.843722157975069,2.65049156518792
7,4,1408,2.90953159116996,5.88769105674338,0.0974019257928538,1,687,2.20709031610669,3.99299270846098,0.999942437594437,1.23555865214419,3.03138468926375,0.939155571836302,0.33298653177917,0.926769543870984,0.865556767431676,2.39779695658269
8,1,859,4.35174800034137,4.56658773709255,0.36007665762745,1,1363,2.23846344019202,3.82510648392275,0.999999916727085,1.28674296481018,3.62500995917969,0.915062593780246,0.876136745326221,0.987027796901864,0.963631497966261,3.48732107185479
9,1,872,2.96852087957222,10.5011765251562,0.160299083579073,3,682,1.91679566758097,4.89676988072235,0.999989040548088,0.926493187267735,5.67459550336703,0.927841163504177,0.946523691760376,0.993535508850222,0.97798517176352,3.69084547869279
10,2,1961,3.45748390175779,2.95214167779625,0.15826459247304,4,342,2.23580291895427,4.33756579350191,0.999880851234845,0.901452809570734,8.10521593358931,0.941680580107079,0.388978013768792,0.935493988752033,0.878250787201555,1.5547400616335
11,2,1959,2.67262072809284,2.57534409800202,0.126020769857116,2,752,2.4337127487266,3.64408697917935,0.999937585321671,0.799414962903331,15.7497950352105,0.953859652648022,0.0456509820651263,0.827247480119769,0.733585058232688,2.29470676842848
12,2,1407,4.93612358566837,8.12259512728826,0.419134031866437,4,1016,2.38983032383046,3.88420940220243,0.999994517645321,0.884443388330267,11.4450255253866,0.873215960937165,0.291144283954054,0.919387670826443,0.855021297261384,4.43540844416431
13,3,618,3.09860802110835,8.59343634426553,0.131726749393086,3,790,1.86843130423494,4.81680632057164,0.999976912436735,0.891794345740252,4.18262356425765,0.921780596312334,0.864661908242851,0.986003050582815,0.961555441149187,2.09087439189183
14,2,1632,4.0807421762976,3.52459089057091,0.254358204017168,2,255,1.87717202131096,5.15403939469184,0.999946663857194,1.01458028746418,16.6792565218187,0.934648590393198,0.646739186951891,0.965945584114797,0.925497174691997,2.47856824112854
15,2,369,3.09358639861729,4.21135434775626,0.150643438556354,4,454,1.94220083452807,4.39027917853463,0.999902421191052,0.942962079657721,4.21987070718869,0.757731949265128,0.543976542074233,0.955162050898863,0.908105860205361,3.32678010182365
16,4,771,2.72506745157338,2.80018364497493,0.250570238759018,1,610,1.88373201908621,5.06611822140939,0.999996681348158,0.678174909526797,7.52579279350685,0.930977130565975,0.89212808245793,0.988464811169601,0.966609426974549,1.03292788843095
17,4,1601,2.36607443533407,3.02683698534056,0.0877400463378401,4,1920,2.34732502627516,3.89855961066468,0.999999492411379,1.03760814191928,19.0588436559767,0.940885369299908,0.668629028135911,0.968091267406332,0.92907849795354,1.75911736077198
18,4,677,3.38453423806713,4.57943524617744,0.0908671619277838,1,880,2.31250044297848,4.1874330759771,0.999956553774482,0.787626943754125,8.42454461935943,0.90772381743951,0.931141861714423,0.992057004222147,0.974491383571779,1.73126550937701
19,4,112,4.10766411499643,2.64637685049192,0.265615401102176,1,1857,2.44727933614857,3.20340640617445,0.999999726756444,1.00240755122571,12.8722977422543,0.94119098701278,0.986249261768535,0.997800426020822,0.989689783224691,2.31894920279899
20,2,1046,3.30825511949568,5.73001609333015,0.0550656207375993,3,1762,1.89805463110832,5.12240989526446,0.99999842207272,1.0222625895824,6.53905320217399,0.832606330058205,0.364755268907174,0.931859498553163,0.872928211542902,1.94728841555761
21,4,959,3.40188962701107,4.07843745920488,0.110034117959688,1,493,2.17781429618266,3.99084888915827,0.999956930048743,1.11332284349985,5.56431142919678,0.940530972179819,0.120622463990003,0.873660598311064,0.792860198682151,3.17322364489572
22,3,288,2.84680738524018,2.8008924667411,0.144118778581196,1,457,1.9666286254855,4.64059827083045,0.999982401436361,1.30824315241344,5.31839967997744,0.902583489527749,0.528844963759184,0.953452875887455,0.905427582130146,2.38492910014726
23,4,1318,2.77081758703108,3.44661176338524,0.15208480244794,2,261,1.9720839669558,4.17128229758201,0.99993311198227,0.993839653187562,5.88465633511889,0.88760628931345,0.690839918563142,0.970225528608844,0.93268908091036,2.66260478514478
24,2,36,3.12371964703835,5.57313335235501,0.184766130621685,2,1695,1.95566299705953,4.8267762901998,0.999989327593482,1.03516571253797,11.1748189637929,0.950472183357201,0.0669138538651168,0.845092316116775,0.756012555477385,4.01838207605871
25,4,725,3.1469465804292,3.57031906184274,0.127837084971992,1,474,2.06493714803338,4.26204079384739,0.999961809876699,0.967350517860887,5.51216908929327,0.829375011966669,0.500548317795619,0.950154146704954,0.900309546704107,2.30398409405129
26,3,247,3.15856007780366,9.78412749064086,0.234081001588772,4,1961,2.36769592115866,4.2103230323254,0.999987577143728,0.843208515322927,5.06930595230368,0.951951088538459,0.80543484678492,0.980734178959506,0.95137039129774,3.88882087676579
27,1,1428,3.12989455121023,3.88130555853181,0.0907506625365563,3,495,1.96904904146599,4.69261053828512,0.999999782447589,1.07362701248547,7.00633968458041,0.946472672313113,0.846304666949436,0.984369741029096,0.958317536588213,3.61943078259604
28,4,246,2.71889316013634,5.61443168340123,0.143529808111848,2,1606,2.39560137358429,3.85869857467031,0.999948804088219,1.04970108595716,9.76480969488889,0.90026164312408,0.45979404868558,0.945137468849257,0.89264365633733,2.17981336485523
29,4,1845,3.39421886766529,4.04256390942388,0.128141974662517,4,102,1.87148823401013,5.01501904335682,0.999992812985172,0.969368209300389,6.68839439466713,0.893003371280796,0.737115253228694,0.974554347176993,0.940181381268622,2.66225010350804
30,1,334,4.25036044099185,8.38140014956675,0.143377572659237,3,1550,1.87778740739013,5.36199879570449,0.999992964415774,1.00045585002159,16.3269016114907,0.928819604627157,0.256226502358913,0.912483209630882,0.845316338404634,3.70115659609909
31,3,1975,3.63833633097145,4.82685339422711,0.302358006356023,2,188,2.0862880496659,4.26442403582943,0.99999535865565,0.909898143053949,6.2377370588432,0.835401020944709,0.840490686008707,0.983853166466252,0.957309899228868,3.68083088323698
32,2,872,4.3023751870822,3.61796598265018,0.235344169818938,3,733,1.87664440503209,4.83844824939207,0.999943894421206,0.610111021538104,21.1308113192973,0.819749225122334,0.729126925580204,0.973817104296271,0.938887798304115,1.80743115155411
33,3,35,3.5149818936209,5.1769778599305,0.302635009450005,4,1910,2.11771164288557,4.24204566676336,0.999922855534734,1.32859458294013,2.50147485310196,0.919788776974662,0.750130866654217,0.975747793751217,0.942292260597602,2.24523480017831
34,4,1019,2.71812262866579,5.32699954567337,0.0545137183930518,3,1585,1.72421267176995,5.87277504964578,0.999951593511025,0.878116006296801,6.88744403647934,0.923725594574457,0.531360478140414,0.953739544564141,0.905875487019705,3.09167252387141
35,3,278,3.42601712461658,8.11406547002094,0.15800560526013,2,894,2.52154143991197,3.17694254980918,0.999999526654621,1.08313461507147,3.14215419281262,0.880809584558404,0.63933739089407,0.965209713887157,0.92427938910738,1.47991192966751
36,3,1680,4.35967813330872,5.66741012123668,0.319686079816393,3,383,2.02398495355894,4.06144996721484,0.999951986101662,1.2274324898463,3.75779959370988,0.970750413867265,0.56855814694427,0.95786478760789,0.912380861613576,2.96300444735258
37,3,1068,2.95569196657268,5.98903554951613,0.0688617706725745,2,1728,2.08570277750702,4.12598472274456,0.999993424315404,0.415936171389984,49.5265958866394,0.955537306398138,0.792379762046039,0.979566905532135,0.949203787665656,2.18076453482174
38,2,885,3.18264590242726,4.66270824691063,0.0617434485478606,1,336,1.86216753468982,5.46464130620985,0.999929780425604,0.868302646618302,9.99187213232533,0.885838613076073,0.540662832325324,0.954790835162706,0.907522558651049,2.5883663945276
39,3,1056,2.96606630300869,4.43532485150642,0.118143631765309,1,1224,2.49785682257995,3.66530383576198,0.999982707642105,0.870207611945163,4.87891865032772,0.860446416947099,0.193616027710959,0.897696355773013,0.824951806010565,2.31967749261392
40,2,1796,3.63724768572703,8.42630085364259,0.266395982112776,3,910,1.9125654042888,4.88972400991245,0.999986961779994,0.928247978364499,6.92630836453703,0.942162672770106,0.254674027906731,0.912157450429278,0.844861745814787,0.947138742555642
41,3,926,3.17253282203953,2.27744180625292,0.167988139123011,2,1889,2.04511259079489,4.37906804097207,0.999998144359116,0.992297420679737,6.69452132441713,0.866948480151106,0.773170322878286,0.977839568402688,0.946046242634249,1.5286435183418
42,2,760,2.55294864082896,6.28106592431573,0.0142598555005438,1,1416,2.83848660000037,2.91070885802833,0.999995817765586,1.09457289637973,6.32663519129074,0.891749287184228,0.688105028588325,0.969964900797418,0.932245430686437,3.72604803292336
43,3,5,3.5727406767919,4.14947205634271,0.115764406211038,3,1904,1.8760488703058,4.69777457519446,0.999972400242022,0.993731875563216,3.35548679030235,0.900192850740541,0.508845000294968,0.95113590089496,0.901825990853547,3.54865608012762
44,3,1032,3.96516639383623,8.0942350237102,0.281034702710752,1,1038,2.09829806568344,4.22026353432126,0.999993317223767,0.975813396770013,6.47563002006768,0.930722101381826,0.68090723012574,0.969276121303716,0.931076699446224,2.47250093837202
45,1,611,3.91635664530183,4.73091195854321,0.20349411561191,3,1409,1.92495707089373,4.92110937169934,0.999954620502305,1.12908012148934,10.3925178130238,0.750580600156255,0.160346528980881,0.887989542261745,0.811854829913259,2.37860807678242
46,4,1677,2.62705689560919,3.25019805676863,0.170114777030575,2,872,1.81736055517139,4.76400586280611,0.999947180082618,1.01133647269592,7.67610176795619,0.960946150837197,0.0905133369378746,0.859565856453869,0.774523916122706,5.60411381804508
47,1,479,3.73005307966717,5.5306844833432,0.162188440933831,1,620,2.29031915748038,3.91812562715123,0.999968702974235,1.07343410694002,7.49132852499549,0.961077759572831,0.584075327031314,0.959527385537361,0.915036478054756,1.53384326479865
48,2,1588,3.21244504980179,5.79853219347268,0.0810337824264026,3,447,1.72642953915681,5.02870704209951,0.999959476218112,0.972943269384809,34.7963476877596,0.948240195504465,0.00880481442436576,0.755641408079367,0.647221243249639,4.99342342130617
49,1,1812,2.28881197012921,3.6506410235644,0.0852798177780102,2,1931,2.28148498901982,4.12534019301436,0.999999428362078,1.06556278192602,10.403259779627,0.918146722133151,0.347547326935455,0.929151584417777,0.868995000229858,3.6165250432771
50,2,258,3.29613121586812,5.8992631006537,0.125863866238514,2,1986,2.2684252035841,3.74174397861398,0.999919585852416,1.00694945045203,13.9855251473934,0.92096168857575,0.211485382867977,0.90230619547806,0.831243761371541,2.46497690929303
51,4,269,3.11575591038857,4.22438828020076,0.212684783985681,3,1945,2.42779050303916,3.72462627676645,0.999984860999725,0.663908990035923,9.79994853329021,0.980294305918222,0.637416634010151,0.965017860165877,0.92396273231797,3.69645401893457
52,2,1170,2.20634999768221,2.14803343737117,0.169569607431377,2,170,2.17740312768401,4.08889802694376,0.999959263215654,1.04835354768708,5.95631387710207,0.868432313734678,0.797445482807234,0.980020388029695,0.950042202747999,3.86433968558889
53,2,1944,3.38192544606516,3.85135532926104,0.137915288815738,4,1690,1.91072551299719,4.84434841002985,0.99999368039891,0.929148244410345,10.7191418363406,0.888305653752271,0.541839682729915,0.954922865135795,0.907729917349691,2.76980716711776
54,1,1952,3.50620279559869,6.77881359145831,0.193701118987331,1,443,2.07284090859575,4.40016848799878,0.999978462493253,0.481620345152927,36.3117563476971,0.851965724981509,0.32202008436434,0.924915877791211,0.862894627020179,0.783686500619382
55,1,1723,2.97087907479556,2.66637370510067,0.289387183632613,1,635,2.02172392737016,4.35217068778212,0.999977074134379,0.772192809977308,26.0915641879519,0.928130530972492,0.643668185686693,0.96564093120292,0.924992381649943,3.20289800737376
56,4,257,2.80099290156359,4.00659370089827,0.13968511567043,3,478,2.0516320147093,4.549272752443,0.999996095652728,0.966348639076173,9.35946435731905,0.935334407611916,0.590275727910921,0.960182922273145,0.916089260800593,2.64107016363204
57,2,492,3.57535848361859,8.53783850520617,0.147386743495553,3,1583,2.50977647052417,3.51286646689033,0.999968382717303,0.762609169166136,9.57102340395122,0.932199160091367,0.278342069825158,0.91694485777044,0.851572034801485,2.83384313643434
58,2,1360,3.71679776368211,4.53904884043595,0.266306525953522,4,608,2.37435731118632,3.8134166363115,0.999972345346751,0.939000788295009,4.54521954782352,0.936780817178154,0.93853980419226,0.992761713303198,0.976133820775639,2.04695739285664
59,1,1644,3.33806767713507,2.95983570204788,0.0849718197658685,4,793,2.15195263941869,4.29409465620529,0.999939569940375,1.22736960091286,3.75054978125734,0.861641388554889,0.926210908219218,0.991592732885379,0.973429475750116,2.75193940352334
60,1,374,3.36566744363809,3.96015000528411,0.12399756282454,4,1379,2.0860364944184,4.97083468869173,0.999879625516263,1.06477118389511,4.59914638765228,0.897292824090048,0.385799115523696,0.935028034079012,0.877565516692756,3.57546825423686
61,3,1758,2.95561719764118,3.41731511050691,0.179995326049914,2,1163,2.01989773404687,4.59419608704513,0.999875629305436,0.973148772266389,8.60945996547646,0.899953901111725,0.0663299737498164,0.844677521130165,0.755486446094888,1.4282151324807
62,2,15,3.83960602952838,6.36291757128157,0.209785961275271,1,298,1.96932300348241,4.53572681432587,0.999993365349875,1.05998069477377,5.85227807319724,0.867131481894258,0.559539482928813,0.956883349754228,0.910822648194685,2.33211933618664
63,1,93,3.04784338470722,8.97663813378708,0.0293521704636811,2,985,1.96457034495179,4.55186483153159,0.999968006897812,0.738754138673384,9.70699602029944,0.949027039249631,0.152621768414974,0.885477060843155,0.808496298905363,1.86171646533222
64,2,1399,3.09447827543822,6.05570162926698,0.184067830087463,2,125,2.11510764115693,4.00486575988987,0.999999925822485,0.880313058828049,37.4138433009645,0.919180775876303,0.640782698057592,0.965353831800163,0.924517484196824,3.40392428794891
65,3,15,2.9402024376572,5.90946268218645,0.117534491880628,3,990,1.86029535695763,5.37938684595955,0.999979594357485,0.910127757138115,20.6623287176334,0.815062453491652,0.750799564877525,0.975808864067525,0.942400857879961,3.1618253082335
66,4,704,4.47203313143615,7.85889990987641,0.288879738393176,1,1121,2.2581978752927,4.25044694232061,0.999990647002092,0.898319594970983,9.59355650339235,0.910013939345736,0.565928952302784,0.95757984918425,0.911927765161864,2.02949614905879
67,3,1917,3.65649439538624,4.22384962862441,0.169418222056045,2,66,2.0616275631146,4.73470411088071,0.999757555007634,1.02490198180029,15.1766308637723,0.884726415516501,0.397650689352304,0.936749229190508,0.880101227782535,1.62422311267262
68,4,1396,3.61337246135529,4.45407754775114,0.218281469161096,2,43,2.10276931879361,4.86509957550553,0.999989773996091,0.945849643710416,3.03604054994046,0.962245240703275,0.0262200150173157,0.802230306925635,0.702797270299569,3.08244679588273
69,1,1172,3.34276645386793,9.68636903788358,0.251808271544389,1,3,2.4712471389885,3.49761427177557,0.999999917840874,1.0396603030722,15.457474597527,0.962632215431603,0.757703551324084,0.976438068787697,0.943523142675761,2.17362120003038
70,3,840,2.55378656288216,3.62572983361791,0.0702776426121668,4,1489,1.82541670172386,5.58997114111382,0.999973688196727,1.03364509141212,4.61764870863938,0.950478964814015,0.0279271947219968,0.805027693907158,0.706204696143625,1.92435830952605
71,3,1151,2.66081868241112,7.40180979497468,0.189805262694716,1,1555,2.36660326978251,3.70677887299405,0.999944121146097,1.30056657110034,2.94911491662771,0.882619175484263,0.213786437408999,0.902874289577921,0.832022561128243,1.87297481334838
72,3,1061,2.99655297073543,4.03845495291895,0.119717778661609,2,1684,2.6901215272889,3.05158090355821,0.999950625337705,0.835574472528281,14.9921815265343,0.933713868286999,0.413553874474019,0.938993028645421,0.883425352402915,4.10890619183731
73,1,1814,3.3984282494316,11.1426365843972,0.112899450868753,3,1444,2.18352757037712,3.82095911842736,0.9999992626341,0.869497820165764,6.8637964983566,0.856592845174204,0.758751473156735,0.976533368359065,0.943693675083026,2.5420182741044
74,3,1602,3.10643183406697,4.38542679607359,0.119021143836394,3,1770,1.90717320898573,5.26974308118701,0.999993997550661,0.854274366241776,4.91296866069707,0.92529445980239,0.548236613627523,0.955636812690576,0.908853194431188,3.38865368730792
75,1,1373,3.10047705752131,4.78579348279124,0.169334052806903,3,1675,1.75226982869616,5.6508778369665,0.999954395343174,0.994251968490088,19.2122875201866,0.900622931897067,0.506955573800951,0.950913419089739,0.901481848979684,2.4785174358995
76,3,1297,3.29029692917887,10.2494722064616,0.082559737224185,2,1134,1.92974059057273,4.93604791246926,0.999992080714247,0.775946333315858,7.66570231340535,0.918864612789937,0.306359101086855,0.9221721197019,0.858974902539153,1.94087113263936
77,1,1990,3.48088380450454,6.70517918340341,0.299134515696323,4,70,1.85921301258487,5.21947735761595,0.999999899234975,0.894577896844059,6.47665570983057,0.936891288966519,0.494026267668232,0.949373470741645,0.899107632224172,1.55459777047521
78,4,947,3.72886036421579,6.47282121612167,0.209481980317473,4,528,1.98426181437186,4.21749404105285,0.999997255478175,0.842124303829746,6.25930808806656,0.907310961483143,0.533825781662017,0.954019497730894,0.906313401170608,1.35418779611652
79,2,1751,3.42181610751872,6.57926987839395,0.128171229824543,1,1948,1.83481924666726,4.86089736796857,0.999949971051056,0.951580326803698,7.36207304820353,0.840915875223666,0.122109204297885,0.874269628298931,0.793659953178974,4.44102699079884
80,4,1333,2.76863949033609,3.74471546571902,0.0945672733984091,1,583,1.97314451834763,4.85001152166148,0.999996579820423,0.958296101825944,8.40294450612443,0.889711337278643,0.924620429053903,0.991443800551953,0.973091970958526,2.0561397988898
81,3,827,3.06800454168733,6.10484005007475,0.115925506506289,2,129,2.16626175075701,3.94601149066551,0.999999745291835,1.15040502536615,5.91543049759211,0.891026331864057,0.239454285241663,0.908867574252753,0.84028657607493,4.17938915724232
82,4,1215,3.8921026590759,3.81110349841852,0.138809343464916,4,276,2.12452510968445,4.12902779342227,0.999945494447525,1.07969265578595,5.20213370843819,0.880555497240616,0.288283725036308,0.918850088015015,0.854260710694321,2.64424371809087
83,2,160,4.3077192081877,3.75535497199232,0.332058749774169,4,1952,2.0828342714579,4.19849260387449,0.999995299910461,1.36092841534766,2.91323143234299,0.829087558224998,0.546190299792215,0.95540910612549,0.908494568749773,1.52467843476611
84,4,325,3.38423744818164,4.50166726860625,0.067588069103821,2,662,2.34728092580829,3.88569712871253,0.999998713752935,0.588172485255701,29.5034193900293,0.914840900394217,0.179526106920093,0.893784376709648,0.819649598637599,1.85227357820763
85,3,1069,3.1398456081246,3.36637395743562,0.163411770940145,3,928,1.8481114873556,5.08784050586398,0.999896744529314,0.583146686261557,9.14843779864697,0.90464107816431,0.308585181133822,0.922569406757549,0.859540970892734,1.93193547484777
86,2,667,3.31043540609516,3.7612281249484,0.161162476199944,4,278,2.17144530724915,4.25268278345387,0.999992127764538,1.0583435190078,7.2771479927153,0.830985032613627,0.315646577160805,0.923813462245242,0.86131679772759,1.10500382572523
87,4,394,4.79489532682604,4.76106928985057,0.31717589287356,2,536,1.72469598448407,5.52648255931801,0.999850579108619,0.661631694545797,6.6285481346222,0.814278196929215,0.10070167738013,0.864761299847362,0.781245412537388,3.77676551523515
88,4,384,3.16402273702652,6.40838461381844,0.191133517874455,2,1501,2.08917385494971,3.8594085057275,0.99999933338628,0.937643750931046,4.15364336665061,0.904034000273686,0.299643786624074,0.92095830436909,0.857248483021988,0.765214827327679
89,4,146,3.56873379418809,5.40288468850236,0.0318019302093775,2,1883,2.20763405333649,3.69537605925544,0.999988132486519,1.07249701123801,8.01576624615316,0.935898138090307,0.570032825926319,0.958024187451643,0.912634586616768,2.22692366818874
90,4,1069,3.7807078057857,8.76532094143572,0.174162057125843,2,1717,2.05684489926937,4.39171671028344,0.999968462591045,1.10451958615151,3.77002247214138,0.860829114112921,0.97596879885532,0.996588360426118,0.985989959403478,3.69388142856844
91,1,1782,4.0775020618816,6.23894314697002,0.171509146553453,1,888,2.17833472347977,4.38673930822913,0.999987232278138,1.01872953597013,17.7070527226509,0.934784951294504,0.643213742645457,0.965595770102273,0.924917627803893,2.34236168262618
92,1,340,3.51994860859739,6.79073768862406,0.179846960805937,3,432,1.7448059047565,5.7211903132214,0.999963191233746,0.524852366480977,9.68862059083493,0.851650756220949,0.00608626590110362,0.740597497006335,0.629711818590708,4.08184986035355
93,2,244,2.24643820938851,3.8809518772519,0.0718864977556627,3,1463,2.10374227401903,4.50983470661776,0.999999959168601,0.606829990537632,9.75424556590401,0.948697937262488,0.759177296189591,0.976572078366699,0.94376298613559,0.563373972747316
94,4,345,3.09973693813354,7.7392529003058,0.100817668706382,2,720,1.69897231810174,5.54189724731977,0.999989248241292,0.579111081405869,16.43651436007,0.960008144345057,0.92703385418281,0.991669944548362,0.973605037673558,2.63650977887621
95,2,1931,3.55728337158549,4.29058995871989,0.225252354660525,2,824,2.17044579765696,3.79663843281648,0.999980525126372,1.05444218207535,3.98081850276931,0.848489430178634,0.610089458758011,0.962245964285055,0.919424656612128,3.96540026429553
96,4,1203,3.74404170168938,7.76467196443892,0.222272137071391,3,95,2.13574974938983,4.18142676651548,0.999962366912941,1.02703582358656,19.7397982494156,0.892110449554891,0.378517201635987,0.933948427001308,0.875981079864451,1.91436498222309
97,4,1160,2.88237567705336,6.41705439580214,0.0173764017961288,1,560,1.68003347626539,5.26424929973011,0.999998346266247,1.28790246618108,4.1765455854187,0.915399630420531,0.809687650762498,0.981113516664531,0.952080635980092,0.56007775850518
98,4,608,4.58803227130438,4.55917601900182,0.264135831597137,1,1457,1.98829666194695,4.11894205987037,0.999948082245395,1.01900674870848,6.36994113721903,0.933526615901946,0.749606439378113,0.975699883140574,0.942207104779694,5.28609636975109
99,3,1577,3.88222992086222,7.07135325093815,0.205015227290135,3,1116,2.19191168941208,4.38489541766637,0.999907944632531,0.830117631875302,4.87207784824846,0.887777234174519,0.341699129901826,0.928205298502373,0.867626761368383,4.12551053614835
100,3,1261,3.42098430957822,5.35899602798833,0.266789567276104,1,1169,1.87569888965294,4.95281942196268,0.999939694822052,1.0585055320057,10.7255722864289,0.931539704901778,0.325451327254996,0.925501617312156,0.863734592566698,2.02312038346291
101,2,640,2.8596293094374,5.60237927447904,0.116034414889707,3,644,2.2127888769722,4.46662184270926,0.999999200764605,1.23244375853129,3.33327595406497,0.950528065479045,0.486686436459422,0.948485212082824,0.897744228610549,1.82732616553659
102,1,1154,3.34409682159524,3.99364564320202,0.157835508363155,1,508,1.99377174330889,4.34438193050527,0.999999431273391,0.990657079888215,3.46405048567337,0.947856967890862,0.246473012957722,0.910407001258182,0.84242388271728,1.91150981177117
103,2,246,2.91000244297911,2.40192913445035,0.103690219847026,4,1324,2.40693158376255,3.21306375158778,0.999995690828927,0.877988686582144,11.3143468469015,0.942707033841883,0.541203278582543,0.954851494096955,0.907617811927257,2.90814617864216
104,1,8,4.50608225446158,5.71333081023174,0.326553167306991,3,1829,2.07925583153547,4.28046067062336,0.999918989772998,0.90582227223454,9.35750698868453,0.81578524101579,0.83018830884248,0.982937811910395,0.955542095773814,3.02108873837423
105,3,1367,4.68598056814005,6.69073216374892,0.43485605553246,3,409,2.23037821184557,4.2116591766633,0.999999383800616,1.09719041144176,5.09563677159947,0.893476671897295,0.815103945555165,0.981596105131055,0.95298877627054,1.22926331322213
106,1,962,3.45413127371515,4.15671754794292,0.241845483426636,4,448,2.43169054765307,3.95788235438741,0.999999144579562,1.02047497483852,4.5413883044163,0.913156653977009,0.497554548317567,0.949796789248499,0.899758937886813,2.72676335459644
107,4,14,2.57467288309153,6.65264371281517,0.140963385448917,3,820,2.3112742792851,3.92164772316413,0.999998802102533,0.569412664532588,5.60828593457489,0.805298434827109,0.635489252861589,0.96482496700176,0.923644705125944,0.978329248829193
108,4,1667,3.31487220300279,5.73636215006452,0.177242524763246,3,1318,1.95157880790555,4.3653293727053,0.999998564308259,0.969153736925648,5.08445740150968,0.917500318090083,0.626082968665287,0.963878039800641,0.922088419354759,1.32037605329219
109,2,1144,3.25924781115333,6.20837958643615,0.0772515459064414,4,1536,2.07125689294284,4.33581347695513,0.99999626503789,1.01170274844512,12.0370534139206,0.936548662130212,0.177942738169804,0.893327667159034,0.819032735339293,3.27902881256798
110,1,58,2.77409563227413,2.96506543049281,0.229982432985084,3,690,2.02493315919788,5.01092501580572,0.999866787152435,1.36158343973007,3.73758700442687,0.950656078506396,0.239364148350433,0.908847546239785,0.840258810084921,3.28417785537355
111,3,951,2.7633280664303,11.7565940462888,0.023788076208826,4,33,2.26388805053316,4.24317392527526,0.999984052739246,0.977238889502293,17.5258719080531,0.90308332071211,0.691871062852442,0.970323642331911,0.93285629796289,1.95713823100275
112,3,560,2.72620214827573,4.20928536145354,0.129840704459041,3,1925,2.24103420066726,4.20989638255213,0.999883480686498,0.737362415872836,4.17777062209123,0.905699609257584,0.841110934270546,0.983908270706049,0.957417033346933,3.79871848661456
113,1,1688,3.80852492507299,3.38726792256777,0.160207593241023,3,1667,1.87726446928862,5.35923899419473,0.999966174716848,1.07629390637662,4.90689625193074,0.890639386447068,0.942384534748271,0.993132434888888,0.977014095560383,1.57228047599755
114,2,1209,3.13185803739568,2.69448327467773,0.184613853142195,4,783,2.12466281571212,4.3050983709351,0.999995312247724,0.538981878991833,15.1428601234714,0.932418870510203,0.458566090092063,0.944980915140771,0.892406546909277,2.66681824855956
115,4,1387,2.7096387678178,3.34727980264889,0.168641613750483,2,178,2.1366897374336,4.30303068533788,0.999976423214475,0.52680990327904,10.3004930542385,0.884011587782213,0.400634426157922,0.937175810630827,0.880731559602233,1.38267236033875
116,2,514,3.46672224530176,2.54891861177145,0.126772471859766,3,691,2.19791893904911,3.77103989217433,0.99999967838384,0.988913933543086,7.97363909874308,0.826202137852691,0.015468621859327,0.779286190292185,0.675160110572491,1.9486067972763
117,4,917,4.2025105663338,5.45615869716286,0.342939488155074,4,567,1.88736266978049,5.09906773945729,0.999999399810008,0.983439647082134,4.79253421318897,0.881503879560388,0.463235140545294,0.945574399111438,0.893306063766322,2.90764181480886
118,1,1412,3.33033839940207,6.59015085394351,0.144248916874691,1,494,2.27531930740391,4.12065286959562,0.999898414778411,0.896437376464382,9.9909275534245,0.931482198723837,0.210456449538469,0.902050382606946,0.830893316510543,2.38500626211335
119,4,1310,3.46668667113156,4.6867927353419,0.195615577278446,2,1359,1.98648535664425,4.60130434573831,0.99999794528993,0.762236177841955,14.9579818680627,0.96667753240302,0.400535924127325,0.93716177012522,0.880710800787099,2.91346126033736
120,1,399,2.67669300112388,4.16892756572318,0.131010195871837,3,1893,1.97588983991741,4.55399168560072,0.999984404143951,1.06474720782588,6.09304326086941,0.884839818843869,0.291477759135887,0.919450040942283,0.855109596345821,2.9883100670172
121,1,304,3.45038440422271,6.05225051953654,0.442063402941513,1,1608,1.79085359767985,5.39967553062598,0.999978797269667,0.873580250139473,11.6938124430633,0.899160444308542,0.803014346398413,0.980518094221978,0.950967188381907,3.18213405636398
122,4,190,2.47257440135498,2.75145460037994,0.0742522784529286,3,697,2.29576250352224,3.59907645490657,0.999988160054396,1.16476383599849,5.50924000729595,0.868308719470868,0.88512572250329,0.987833983317118,0.965291924258954,2.33728994300874
123,2,1701,3.69587365410959,6.25729235863423,0.203872123703478,1,137,1.82232564868251,4.90739490473739,0.999999916172333,0.680786119285878,5.09957521417693,0.940031465647917,0.0416514608077705,0.823042812775384,0.728359364739956,5.80070312189716
124,4,770,3.1002030645643,4.12198266273115,0.107154723273859,1,240,1.88183010653094,5.18142132758421,0.99991278439636,1.0380650533876,10.1800497481398,0.900665457266863,0.790503665804863,0.979398762624267,0.948893953301092,1.71147705831846
125,3,721,3.24459048713944,2.71528575319976,0.252544127974487,2,857,1.90219636380923,5.13097235150028,0.999995530727606,1.02385717203438,5.90187146483005,0.900930470018273,0.197226511081681,0.898657600484602,0.826259810794846,1.2677683913153
126,4,590,3.27143697520193,3.37320603801727,0.197826075264983,3,653,1.99349401037512,4.65936027346621,0.999979828530476,0.894885250485067,6.78657760554557,0.929708915820431,0.816233715042472,0.981696700507507,0.953178738779373,4.58019290800882
127,1,899,3.52458287404472,8.60197029538809,0.113776857576551,4,1390,1.8319370692097,5.04512029723195,0.999981698664343,1.08053305506593,5.01485992530063,0.873259835307061,0.712953503243625,0.97231228206338,0.936270576269673,1.30731043071728
128,4,1026,2.78693883249234,4.36351633185055,0.0286046298079967,2,611,2.21141503496637,4.16264506727384,0.999998428391106,1.35901842773762,2.84034944802276,0.899434851743261,0.318742144620046,0.924351269889353,0.86208603703695,2.39203605318182
129,3,831,2.86774563847437,2.89954773308073,0.0361617714880675,4,237,1.88159835826793,4.86301546037861,0.999928649858618,1.03030898695247,4.88098771531103,0.872364321526383,0.841765593970194,0.983966432919279,0.957530203172608,2.3747905118912
130,4,31,3.6670737850693,6.76409383131155,0.183932207801699,1,735,2.14550640570157,4.35564350814511,0.99994527775837,1.01102939923441,9.56230392023279,0.907403025164096,0.951818918576464,0.994058007110483,0.979267689337829,1.54574164815934
131,2,1686,2.53560956267695,5.08214909146247,0.0346245482230272,3,774,2.18732901815766,3.86902780964464,0.999997078848808,1.15963327536532,3.87196310781492,0.868875916650908,0.0402717478573322,0.82150497964305,0.726453437749436,4.21597650966068
132,3,215,3.02835532328018,5.08433459743907,0.134520402041919,3,1807,2.38328568986088,3.98734056456766,0.999978905774351,1.05127520403279,4.31703106024998,0.874994444031547,0.167751826345921,0.890297453903107,0.814950990765832,2.1115160608427
133,4,38,3.45813420407981,5.03192860039645,0.135875434143685,1,1689,1.73363657434105,5.16800685366641,0.999947643406403,1.03544453238611,4.58413713759195,0.821876119593659,0.986266496824101,0.997802584243614,0.989696822070805,2.68303567984717
134,4,568,3.46595074270407,8.10635406434788,0.149920596728688,4,892,1.944389737965,4.79305089856414,0.999988771642147,1.39529416824646,3.77004751861914,0.869567297264872,0.340140055865049,0.92795069520904,0.867259166918177,1.6210308378195
135,3,1692,3.90837922732325,3.64633831698968,0.327173073299274,4,1726,2.23940838940342,3.77470967720296,0.999986915336864,0.380058501189317,30.6198169575936,0.948304688873232,0.451092149131,0.944020721110281,0.890954940439405,2.06782050819025
136,4,1642,3.0823807156101,3.85183343491394,0.0910123200791806,4,1165,2.32434029828944,4.10327092837854,0.99984810847601,1.09878648705728,4.33724324418572,0.9442103444888,0.263684459030628,0.914024324791838,0.847470863446573,2.62631566852842
137,3,844,3.02346670623209,7.44051871226385,0.0463001759624784,1,243,2.43956916732489,3.5510591194376,0.999997950041485,0.539223312928571,81.0293622749179,0.906813697924838,0.137621586443856,0.880250347017251,0.801548468825576,1.98402054671296
138,1,471,3.40132786708199,3.15715702142427,0.104123824240226,1,1712,2.12773713951104,3.97066507088864,0.999987397085118,0.968296976950674,13.3189254981514,0.89899562804327,0.890688240295276,0.98833486704973,0.96633665802009,2.31082365498902
139,4,1915,3.02680928163369,4.66750203843364,0.0645208104402092,1,1320,2.05177624337752,3.96629109358661,0.999950871279906,1.06320465995606,5.72446669357501,0.944064793385055,0.985813866369426,0.9977460848338,0.989513199626891,1.93573274065455
140,4,1841,3.77479159297176,3.78339752689215,0.293816225137088,3,1858,2.08459454263545,4.28901233271774,0.999995868115968,0.80590261748273,6.72254057947611,0.898960985892423,0.477618275210261,0.947373123520454,0.8960433305141,3.10014186036368
141,1,144,2.53131418123975,3.21368118069359,0.110948493149953,2,675,1.82008939064093,5.07634141598149,0.999986940240349,0.971217236098064,15.6629287805049,0.891771295195872,0.33392981113866,0.926926529092396,0.865782754586204,4.3911179970005
142,4,1761,3.2580514786669,5.93916998891028,0.112761786792136,2,1116,2.3847496125557,3.56883781980637,0.999979278934656,0.793585488657723,9.35695512038112,0.880743796992832,0.510702412109822,0.951353992259586,0.902163623537307,2.44110517360338
143,4,1902,3.33206680925813,7.80082486475177,0.0775525652726176,1,50,2.02182797976384,4.37260462232195,0.999998301741741,1.22035616178787,6.11967526230687,0.805135372640815,0.89046065416187,0.98831433920747,0.96629363409165,2.45336274027284
144,2,539,4.21091575866113,2.48267448219451,0.410677791874765,4,1595,2.20108029765524,3.74038634292023,0.99999999292424,0.968335826381292,6.11944697807174,0.883557033051048,0.499323584605008,0.950008155513261,0.900084518796501,1.577687320518
145,3,13,3.76993413786062,7.39143365114173,0.312619868103459,1,1497,2.08005857719393,4.19609162501992,0.999992842301723,0.872163917443796,8.28925379288975,0.905860113160069,0.23530616867356,0.907938891017457,0.839000169721884,2.10094706657411
146,3,750,2.33255508747576,2.42891898763947,0.0561821765276008,3,1511,1.80018740443353,4.65922350683243,0.999987121168431,1.03784439947017,7.19913623517002,0.938710703902831,0.379013772821054,0.934022599114471,0.876089788311815,2.67231491644995
147,3,53,3.07793645745514,3.95912652265344,0.0707161024911328,4,1209,2.09161370124509,3.97536274161627,0.999979580573726,1.04694771414572,4.50332711223332,0.899291623009197,0.942332442151383,0.993127389224157,0.977002034233311,2.43984070834798
148,3,145,3.1107666679091,2.6269393174649,0.225316832200959,3,930,1.94611643407156,5.18749124947308,0.999960766657505,1.02337509819103,4.54466279471831,0.804943809134344,0.366531645180658,0.932132833900198,0.873326732621683,0.774487498207227
149,2,1780,3.51386751198731,4.86227139796815,0.29522340539397,1,575,2.3007248349384,4.44605447064385,0.999971474733316,0.820445197205719,8.22210220485599,0.983383094627079,0.0717708300799131,0.848418871406924,0.760240467010247,3.1126094049308
150,4,928,5.04242849256648,6.17016083918788,0.411205219198654,2,354,1.99185455109731,4.61369300373562,0.999881498066769,0.909245347842096,8.24632006283154,0.855663493040797,0.641559395706281,0.965431193097915,0.924645372361798,2.10303495160745
151,3,544,3.61089709069429,5.68773516240673,0.179561381070586,3,1369,2.18706619600533,3.7410611184302,0.999905124230943,1.32814207912603,4.24881422726999,0.80838062514913,0.912424364825711,0.990313068475694,0.970574932878804,3.25537028371848
152,3,1039,3.38828872150693,3.53722280679224,0.241629484159611,2,1325,2.19181902183407,3.97583713295257,0.999997847034601,0.70099640126507,8.53867260190886,0.958717315137543,0.880954436957836,0.987459428346127,0.964517356758094,2.77072510683389
153,1,1615,2.8224625782252,5.08686814938193,0.0893743934166267,4,1915,2.18645157297535,4.17315722655039,0.999999076443803,1.03128659154836,15.8656673926387,0.954086574453388,0.705538048176095,0.971616471908696,0.935070403928167,3.1938375567138
154,1,788,3.62075327266318,5.84919423739154,0.132787113186572,1,342,2.09990360157008,3.93136821174204,0.999954935615368,0.93618628038493,8.4910137824407,0.949087949111913,0.461661752080545,0.945374942873984,0.893003558994396,1.4431220627688
155,4,1078,2.85050332543974,6.58689951730881,0.167817267439961,1,1854,2.3363314767781,3.77422016732662,0.999990471943623,1.09447343182069,4.9125960364723,0.872404629674783,0.329512466676533,0.926188065778025,0.864720434622665,2.87608297796579
156,3,1071,3.66233231506493,4.52801564691292,0.188347140365827,3,1860,1.88781116809927,4.69775167593082,0.999998900467573,1.18154265172416,3.48416122762561,0.936689057190469,0.485365200089291,0.948324202244194,0.897497556336636,3.069285680133
157,1,936,2.84421492077487,8.5400121178277,0.22733201903553,2,1473,2.21304672032406,4.08797493715028,0.999934181710365,1.09608702402937,4.56950850160555,0.891833322096933,0.853094111196697,0.984973268507647,0.959504470099258,3.58300863339632
158,1,876,3.18383831310572,5.56305828873689,0.0984335457832767,4,326,1.76182374219057,5.52657500358634,0.999948220801651,0.961919381579319,27.3735178759657,0.902431365303962,0.967791240429506,0.995696335160748,0.983502708539428,2.19892172260941
159,3,1173,3.41687310329159,5.77975202310178,0.185093598419394,1,1327,2.15356529129845,3.83953604758087,0.99999961404849,0.942650335441469,5.78648307902244,0.962093456085276,0.920227106893435,0.991034295928986,0.9721714072776,3.33314129696284
160,4,473,2.58709955681739,7.16270370676572,0.0619031142761417,1,1040,2.05532723978149,4.5724198289307,0.999992512275439,1.28853810177229,3.38464682699567,0.870450624715335,0.0917270057834685,0.860212128408027,0.77535772557578,3.79104971725307
161,1,43,2.95709865010547,5.76585366408086,0.0748882870526304,2,1879,2.15039802761098,3.85481611303377,0.999994724367622,0.849520279179734,12.2117135916532,0.86556841389104,0.439350245287642,0.942485946999366,0.888643996622046,1.92185985585511
162,1,1552,2.99539192246557,9.81104850576169,0.106102408259133,3,1600,1.80351800981836,4.54839735456364,0.999957390504102,1.03065995078612,6.83686264368532,0.862000166401081,0.430348415393382,0.941286603799864,0.886845856291986,2.00835582895718
163,4,901,3.70537272684927,5.66640660373205,0.246549901464094,1,543,2.12666342782208,4.097025629201,0.999991172537473,0.984715398050058,6.70211948557245,0.898324409679042,0.211382341571152,0.902280627486642,0.831208728167778,2.28868696407751
164,1,33,3.23577102848741,8.05486123456563,0.0461218648235753,4,957,1.86693953688476,4.65142895431551,0.999998893878219,0.731135550407535,12.1484565791586,0.812950120461669,0.260854030493647,0.91344401165483,0.846658803959102,2.84165609466545
165,1,1731,3.11099456276826,7.88607784516287,0.105858991324732,2,1493,2.34014374776719,3.6463622564385,0.999917532720549,1.05478776580192,19.796166960101,0.871560294103908,0.714641413884237,0.972470132329253,0.936543704989014,1.37303249182626
166,2,530,3.12614957234183,4.48603535620346,0.0682495553528265,2,1300,1.9401014869473,4.49554187923088,0.999947889872886,0.84212198826649,3.99731330576556,0.955290253968935,0.329614258138463,0.926205177925768,0.864745030454287,2.57795089456816
167,1,1890,3.11629514464768,7.77242100628118,0.0972489631317777,4,175,1.75360421207961,4.65669530465829,0.999999188935428,1.03177638355364,10.5269295337629,0.897640314951191,0.10953234299086,0.868888410008313,0.786615486156014,2.1356906378019
168,1,937,2.72145110890024,6.14810033933153,0.265393767962424,1,500,2.0920851127307,3.94346609827764,0.999921413701663,1.05068018401521,4.53498496644731,0.933372475464151,0.305254553677514,0.921974063520155,0.858692891176261,3.25916578818914
169,4,110,2.99677734725895,5.87287991348787,0.0574600820075531,3,430,2.09123870571891,4.52281627310614,0.999966854667506,1.25927745877428,4.4455743854302,0.782876373569236,0.305403041886166,0.922000724981195,0.858730847134958,2.75763299278279
170,1,1582,3.23987869447903,6.29899123278078,0.154050900948636,2,670,2.2337729864527,3.88643639991731,0.999976338487455,0.838896576234462,9.47548205890921,0.921618461464269,0.793204562738538,0.979640793077558,0.949340114562492,2.28329174801121
171,1,373,3.77265212320767,5.7315418462628,0.0797167587806382,4,81,1.91220231596553,4.46021564622533,0.999988906096141,1.12063590011666,4.46299331419395,0.784954638094908,0.775066075846553,0.978010644368524,0.946356531583989,1.42076061694059
172,4,1839,2.64390790353571,2.48368342317614,0.104611262519377,1,718,2.11977387319611,4.15361407466155,0.999999951500973,1.03007569848822,9.33536480679679,0.905995041060678,0.769127686042339,0.977474262243271,0.945385382187694,1.33835535353954
173,1,1128,4.0151011511387,2.9002009424191,0.277174027470913,4,428,2.30316950338021,3.86844511881619,0.999991846067293,1.01886269118232,4.16333367685447,0.870819520018489,0.77052972628735,0.977601032508008,0.945614454922455,3.73746597419078
174,3,617,2.48232349106776,4.71968066776592,0.0515257967000062,3,184,2.3336753559611,3.74675358321503,0.999939794938401,0.851593905136043,21.4791567573607,0.965350665212539,0.96454018750228,0.995353490676069,0.982585190120904,3.23566731886306
175,3,1396,2.8559218400504,6.44332480649755,0.0946673983945558,3,534,2.14024348926985,4.55780939728028,0.999994406801871,0.946399579708776,5.75900924940304,0.847212754959456,0.798495011404157,0.980114250300663,0.95021625562541,1.49236249355665
176,4,322,3.93220856989944,4.35491805276393,0.0949958455819121,4,900,2.05423396562199,4.20653618836114,0.999994085532493,0.806205887479862,7.79815411896417,0.948154256557626,0.794143205042928,0.979724853928284,0.949495343041108,1.98851743765291
177,4,97,2.7140006947075,4.46312303420764,0.0885398718962871,2,1872,2.26069216403832,3.91652202710815,0.999999373838535,0.635370216246678,17.7331061710426,0.845839128749856,0.742125574499369,0.975014860878387,0.940993383437513,1.94847698793101
178,2,1781,3.20228897798888,6.92831535553181,0.121754419412132,3,768,2.53043573659063,3.4597384733056,0.999915685707999,0.965683808597082,9.54407058803586,0.952277238718561,0.0391963771544397,0.820272059165739,0.724927446216414,3.81116232022627
179,3,1478,3.56805014094905,6.33096254622291,0.186862687775991,4,690,1.98280859782601,5.34581296159674,0.999995484166432,0.999704232970904,7.56000789356844,0.807350074161093,0.249659554334357,0.911093162842479,0.843378533758568,1.1754198841368
180,2,1968,3.13828689379399,5.77729896129068,0.274912996814325,3,337,2.17786457923063,3.94816534011658,0.999999933503517,0.64107171611446,10.1352947247507,0.888236540351294,0.645041821757331,0.965777314729781,0.925218251524272,2.75661800425126
181,1,510,3.75933381423825,6.80316742532854,0.19476988457352,2,607,1.79578241039865,5.11470131167987,0.99989254631579,0.897747012902804,4.78144819856413,0.935200033481619,0.807334863580763,0.980903703661587,0.951687412487005,1.56491881183548
182,1,806,3.11278443966174,10.351532808357,0.189010579266866,1,1842,2.64294775952658,3.37454650736995,0.999987292143984,0.644504686529171,9.30604123827413,0.881387233246743,0.149157408857718,0.884312692507897,0.806944019511525,2.71815833126916
183,1,362,3.47142651445985,3.57616363752458,0.153555756673023,1,1581,1.96037568875054,4.20740688080892,0.999786027358017,1.06751461138343,7.39235290399326,0.847820370795106,0.99453812930733,0.998928375950141,0.99373037109965,2.53824728230212
184,1,236,2.08304600020607,4.35185367790067,0.0211661041723352,2,1622,2.19370871663203,3.99897685837561,0.999987390871015,1.08312301748138,4.20283814087992,0.926409696193687,0.503920669900253,0.950554710113023,0.900927594135812,3.41704521755852
185,3,1446,3.23759939687199,4.10097271138418,0.183301579133998,3,1177,1.99771369836544,4.21397352868538,0.999857474246949,0.385969660464142,81.9895243160646,0.973655053749971,0.731137171853334,0.974002988332143,0.939213229580038,2.2922486139889
186,3,1518,2.37581780192173,2.83156083049702,0.0836718967222789,3,1870,2.01876190728864,4.32904790575442,0.999989979711812,0.974466958757033,8.42536119593771,0.884602084336301,0.174999420298263,0.892468887566133,0.81787400185686,2.25445836374721
187,3,901,2.99998395045679,7.84645343869529,0.0838406509609513,3,761,2.21291117865391,4.01562207434891,0.999993563399273,0.877384244336167,16.013666730129,0.862849233714842,0.695332068251446,0.970652359311976,0.933417359529653,1.88681944785703
188,3,1047,2.85743890125707,3.98236494701047,0.231088697154041,2,1315,2.30567078165361,3.91354508597217,0.999990929373252,1.02302712143002,5.55710330747708,0.949857431342925,0.702045857906342,0.971287441341572,0.934504983386055,2.81289900146509
189,4,977,2.84010235764754,2.69258037716238,0.243410373219008,2,1181,2.19100303021952,4.38003967532345,0.999784425443479,0.725029213092231,4.57263128602199,0.946514457741247,0.207537797745317,0.901318628224637,0.829891714173978,2.56169477622954
190,1,1581,2.59653157776543,5.54547891978296,0.100034638520834,3,412,2.2071857516349,3.77363957556305,0.999997096005042,0.915006494994294,8.22147916321715,0.868088321084151,0.99275484145619,0.998665467175629,0.992706857203063,2.07764848211173
191,3,1347,3.94396068143002,15.2818420183182,0.264700469307235,4,1722,2.50086366748349,3.34594089177167,0.999928763638798,0.306949510552775,31.3791087870246,0.87423785465295,0.880545428255573,0.987422745745654,0.964441794821424,4.13698906124383
192,1,190,3.36851373826188,5.00678452797617,0.114390977893222,1,446,2.17670938520896,4.12271362844795,0.999951936734641,1.02777437535353,9.00146965429473,0.899568836829441,0.81531517743133,0.981614914973335,0.953024278887297,3.68183399308126
193,2,1174,2.7408653802467,3.40276707825121,0.0603062614862332,1,1675,2.16705624420515,4.60684945221564,0.999982103629198,1.02302475481802,14.1897215172948,0.952073807473232,0.197523200185969,0.898735887715705,0.826366430764566,1.97792066933084
194,4,625,2.80431569861624,4.57773797712026,0.0599366751416291,2,1284,2.33447139306184,3.91240707739908,0.999973505199978,0.902728933244163,4.9124279449805,0.859167935312976,0.764940906781703,0.977095196370186,0.944702050602936,2.18538996430872
195,2,1577,2.77194744639005,6.31477866263704,0.160897592006008,2,1757,1.68622890396492,5.39187984188854,0.999870405592844,1.11971988242959,3.95897773995941,0.963261234673608,0.963300821837038,0.995224244663328,0.982244074041294,1.79792601837619
196,1,884,3.35233259677167,4.38608259549846,0.163780458214012,1,1113,2.026703637726,4.37913448146578,0.999980999491291,1.10819713077333,4.5456094321328,0.955678239146363,0.640437364811078,0.965319416208954,0.924460608947735,1.88460064178143
197,1,77,3.62213298077822,5.2756778006545,0.204870845830212,3,808,2.27002131139524,3.91000006851017,0.999957324552328,0.922197517052999,7.02212864759198,0.926873865702594,0.52292809728533,0.952774487845153,0.904369682387302,3.96557530742025
198,2,1468,2.64986832876021,2.55561223232832,0.119291451559906,2,1983,2.29019363081714,3.98784081730548,0.999974616555405,0.898623718681703,19.4364868490531,0.934230046180931,0.0452733829151839,0.826865440970728,0.733109355743105,2.21350532144655
199,1,600,3.63402677094579,6.02940130561448,0.355143383702752,3,1249,2.01201894970959,4.37773264107596,0.999966088744109,0.950710344716176,3.68008459789635,0.901413538450464,0.800516880583018,0.980294988089283,0.950551913365419,3.13747076460975
200,4,145,3.6354165430759,5.58409853870303,0.399122261398435,4,430,2.21274154272532,3.7172400070066,0.999996285544125,1.04838739999116,7.32702020151565,0.90755130457058,0.182890447322279,0.894742889233437,0.820945676795217,2.66381947831723
201,1,460,3.38558918842982,6.85171778004325,0.0271713322044257,4,706,1.80645177733701,6.15629144796894,0.999971068413783,0.81185127887271,5.21887893560659,0.940669329736414,0.667311050230637,0.967963311371072,0.928863607628618,3.69830104985487
202,4,1773,3.42757426758874,3.53937715991227,0.192082335452253,3,911,2.20791433158524,3.83018951415145,0.999998480511226,1.05472715901978,4.51381781915434,0.849682702528589,0.524904830148444,0.953001772762853,0.904723799506462,2.19984588116694
203,2,274,3.17755467363473,8.0667342390973,0.0635920849482583,2,1823,2.0148442351442,4.88367475121787,0.999999433143841,1.18713702962207,3.17272344185606,0.902630347982884,0.146665820386261,0.883460026000009,0.805808937570133,2.72041624010315
204,3,1965,2.94669392316386,4.54539428560443,0.118834872568182,4,840,2.07885229497599,4.46040446770311,0.999746503792761,1.02673250218306,4.27627316078028,0.925619090289179,0.149601145647466,0.884463191610013,0.807144510571512,3.05079095642074
205,3,1837,3.64907472386074,4.64553218985875,0.30457174662071,1,1843,2.15173086222024,3.86901673976077,0.999993234456522,0.824399284107347,6.95752304621279,0.928585651223054,0.148176085203886,0.88397841794859,0.806498862838985,0.936242693778018
206,1,1794,2.94992284761009,4.96873761792007,0.0673928496503192,3,1565,2.04929587473184,4.37776558994515,0.999996275519032,0.948608552041675,3.91113468654707,0.952055086622824,0.998880330473185,0.999685201120713,0.99728763879695,2.71759237564746
207,4,149,2.53782583107059,5.64818186922735,0.00480614598269671,2,1916,2.00175031705629,4.5021560984686,0.999978421868009,0.731331582876293,5.99853728753487,0.887421770200888,0.515066291671246,0.951863992088361,0.90295426685959,1.22677199626227
208,3,559,2.98999617713114,7.54288381220804,0.159721305812743,3,709,2.33880661416913,3.61037077739058,0.999837878607559,1.17375727784937,4.37772424676545,0.907058459710383,0.2984449416399,0.920739131670703,0.856937239440788,1.30974377951624
209,4,660,3.07548041348101,8.98599982383926,0.123799972436913,3,163,1.8790968902647,5.07882389133414,0.999994778836911,0.872853662813697,6.03407132015567,0.889148519438856,0.419771492946893,0.939850918411426,0.884702018354577,4.09241977629682
210,1,682,4.61090568808274,5.37045065298241,0.394570810486372,4,1816,1.92559388999504,4.54804113539514,0.999999199539679,0.862125999173961,5.50411946118615,0.836224535300939,0.336402264190838,0.927336211898421,0.866372908765784,5.10684311137006
211,3,989,3.75474289044216,4.26203563388797,0.215782741628515,1,34,2.01964970321237,4.44222486755822,0.999945367736212,0.89704001308958,4.95008994802774,0.878425285929767,0.486833374248818,0.94850309711546,0.897771637788059,1.014878443469
212,1,1164,4.86377134413922,4.91811632897483,0.390404665003779,2,1853,2.11461546976597,3.71993243890628,0.999999820772312,1.28704143994728,3.57565761092157,0.85684930640245,0.512853443622589,0.951605797086471,0.902553798490576,3.60970658196052
213,2,1643,3.64266157607269,9.11422141079857,0.210084618288479,2,912,2.36126858630304,4.01165453870322,0.999988607525074,0.872831046916155,4.6969412808254,0.896713365515543,0.164040032308549,0.889152406488379,0.81341351690408,5.75786995955932
214,2,1760,3.56562888254889,5.2146829284766,0.298294516563826,4,1990,2.25751463951259,3.76098863610723,0.99999830926684,0.797529886824515,21.970217216084,0.928396969684854,0.0128225211519748,0.771319140512713,0.665687038780671,3.83085150242686
215,4,549,4.04920092057733,4.86346738308912,0.219348200178013,1,402,1.9736267277852,4.75496512285551,0.999962045121231,0.417344480493957,14.5426866543818,0.876543340292366,0.926540612010285,0.99162365426783,0.973499735346522,4.42136671040276
216,4,451,3.4351444606643,2.63858794963151,0.175392478886301,1,1754,2.3580213955327,3.62363250220485,0.999997529579152,1.046824468164,9.20087138043031,0.893119538160751,0.677146822679788,0.968914593506824,0.930465379326438,2.04700825195144
217,4,481,2.93858621101766,5.87020075266845,0.11511473370326,1,1676,2.14163300739777,4.00935125653945,0.999964271009031,0.950888785398013,5.45202122801447,0.914571004059158,0.461713111959398,0.945381462278338,0.893013443452902,2.87916032720819
218,3,969,3.39956763676642,11.1357613946942,0.0544100882149103,2,205,1.76032716493626,5.69196293112203,0.999975805261038,0.674859372654532,13.5296584938814,0.928658118254681,0.470670368988067,0.946509696050907,0.89472728690108,3.24735098905475
219,1,1420,3.55933452403475,4.54856757584428,0.191706310665211,3,1648,2.00527070889607,5.0182572063593,0.999966054917483,1.15701440912225,7.48950426317844,0.918655951879239,0.543032298097387,0.955056445217151,0.907939826886704,0.852357623951315
220,2,1768,2.93998032205264,5.53118059661865,0.0447810382223134,4,20,1.95130637361467,4.53066984432233,0.99999880928912,1.02422037508717,3.90710970278956,0.922519161120119,0.845375351142138,0.984287161068576,0.958155952000932,3.16352897401547
221,1,824,2.16696523496369,3.4672510417246,0.149468495046444,2,559,2.02288317274079,4.31357695655902,0.999965919268737,0.925731451638364,7.79145840736795,0.974683034960415,0.623819415923208,0.96364876681566,0.921712817636999,5.10094511128607
222,4,1966,4.10027721946653,12.8457651207628,0.230684026345903,3,456,2.27601758226543,3.88032217611487,0.999984239484997,1.28826237798249,3.34532960281349,0.847255317656312,0.341887200251222,0.928235944080887,0.867671022522397,2.07641705152667
223,1,195,3.28547279149097,5.23855688482522,0.0944933757777666,3,764,2.27722976052363,3.78416387327777,0.9999922981564,0.698526138450876,8.59568374178993,0.966277392279277,0.821626862045377,0.982176639316341,0.954088271704539,2.2363921312983
224,4,1477,1.93109976703838,3.11482841367225,0.0344189147226841,2,817,1.91180815116153,4.59554300345221,0.99999982583367,0.37192712426883,26.9069926218216,0.930021845396095,0.24590867664665,0.910284666578942,0.842253809829153,1.88123745002208
225,2,1448,3.48019982813449,4.74581027962069,0.131251799804768,4,1115,1.94904002290887,4.59966807277223,0.999988319376879,0.816229699494666,5.23126821490786,0.932492297029066,0.449665953870863,0.943836040719368,0.890676262777566,1.4323991734652
226,3,133,3.26257201638682,6.81990417182026,0.148302344651403,1,124,1.95765222358362,4.9317482861871,0.999995137386354,0.960620377012154,6.14179841130311,0.91032561978421,0.733812623191625,0.974250005820095,0.939646440881472,3.37988597255704
227,4,412,3.42412740964866,5.52099012741124,0.0734364046450872,2,1927,2.02273497873307,4.52768074751948,0.999946832184222,0.580481780635364,28.3001908513772,0.924347754346077,0.0900629335083067,0.859323993505932,0.774212033516432,2.26174476887926
228,3,1161,3.48739026267883,8.98237413638202,0.18920279136754,3,1188,1.91584884297586,4.67013371842711,0.999893250084811,0.991074207068427,4.49754297065355,0.904265010046397,0.88108343235217,0.987470999058456,0.964541201919901,2.13392911661532
229,4,1027,3.10960850963574,4.47304354298673,0.212500629804935,4,1414,2.12144060733024,4.18826035291459,0.999993233877362,1.00162737152849,11.0294073814906,0.955921295374076,0.306611638749018,0.922217315332757,0.859039273710601,2.38665792475504
230,3,1637,2.61386264454109,4.33196247446598,0.32852289483378,3,344,2.2584102366919,4.20235081802412,0.99998944521621,1.02484554181764,15.3459675012014,0.91781209193668,0.674574001459405,0.968666559387313,0.930046799627306,2.79430182382273
231,1,954,2.81401591090994,6.01376036953585,0.0953526440643841,2,163,1.93690310681321,4.8998782300117,0.999991867920317,1.12788363635118,5.31448895454726,0.859569260902213,0.688981940736994,0.970048532167707,0.932387705532125,4.99203264678324
232,4,1298,3.048217723826,4.45804869823947,0.110464906847181,2,1970,2.02396213867675,4.59379655700853,0.999999837085518,1.05013823324334,7.87914226531195,0.919708209355542,0.0436651594936848,0.825204483368259,0.731043267887614,2.1614365772543
233,3,1476,3.48463742078289,6.12183326461124,0.170329750214226,3,1254,2.23748648659402,3.77292798929956,0.999989780639205,1.44605033485913,2.68492085874869,0.941901853008444,0.0470901057124138,0.828677153458249,0.735366839609965,2.71336629822739
234,2,889,3.29013194131358,5.75744076261562,0.152688955375052,2,63,2.02951651716764,4.55496373890068,0.999997549721963,0.76765888361933,11.7021831683165,0.957599797412969,0.816347924992442,0.981706868658371,0.953197953014106,3.73032090353134
235,3,1589,3.03320092071306,3.49126232401341,0.0812308813708497,2,1238,2.00078926995105,4.49161250734077,0.999962344357032,0.5045055957636,7.95033614845789,0.88115056007277,0.229423448676243,0.90659667359177,0.837144802297981,4.28589171462752
236,2,516,4.1343562014495,4.30385119345246,0.267921539033632,1,1975,2.45311490877329,3.54307514216675,0.999994707744325,0.743479430452261,6.03768771354959,0.968370100325544,0.880016396287829,0.987375309651102,0.964344159020652,4.42306797311091
237,2,1662,3.80864651943657,5.45094249000477,0.206796628182435,3,1786,2.06106141233724,3.7464118871351,0.999985795114095,1.02438120379889,5.61679558364407,0.87275622523375,0.321759233018383,0.924871129188914,0.862830503092207,3.82063548594224
238,1,1999,3.20572700159596,4.2699762914322,0.139614919673147,4,177,1.93348372867006,4.51548541216692,0.999995970722096,1.3090036651285,4.54081461272754,0.915895888034626,0.980897768400609,0.997153204777102,0.987658054589988,3.07032515803719
239,2,164,2.97901040836569,3.74741988899429,0.0296707291286807,3,1142,1.92029120484711,5.0620806273981,0.999993323664596,1.10563817360528,8.86564388174384,0.939640656251842,0.54412066587247,0.955178157888618,0.908131190093324,3.35093243219196
240,4,1733,3.25250402036579,2.79311890977713,0.212097534149701,1,1717,2.12047679571812,4.52386970660426,0.999967695379756,0.854268571318672,4.48440276713132,0.943995350018979,0.555664789164439,0.95645813801673,0.910149643274352,1.68279874009634
241,3,1630,3.00019539453341,3.24882522276533,0.158302374801375,2,198,1.9242373932836,4.29034593272547,0.999969157904184,0.447021573848628,10.4451410849224,0.905954176828493,0.400413133902475,0.937144263556515,0.880684918569388,2.86127234814593
242,4,353,3.96904773645472,7.53607043968217,0.189604467157771,2,973,1.97393145569494,4.87883313236447,0.999954116124608,1.04328040527146,5.79924721029148,0.902327060091489,0.362264535622671,0.931474341751618,0.872367130917418,4.62209680723636
243,4,599,3.24683078886725,5.37234673777977,0.0991517806188207,4,1488,1.92482226810467,4.8496090338065,0.999988934466929,1.0029121665407,9.70005205490868,0.862292127525003,0.66802019928582,0.968032178160566,0.928979241585226,1.49635368570537
244,2,1879,2.70067331338972,5.10969405493692,0.0394938219364939,4,1571,1.9311956485083,5.27797840628924,0.999988937736006,0.988746024235518,7.00751590339812,0.967416823152637,0.00361175881698728,0.719912778662945,0.6059565596454,2.94048433790555
245,2,424,3.43459336082303,6.96302716093133,0.100186835799508,4,860,2.0464923644287,4.75581377377937,0.999980099359955,0.919311357157555,4.86290935401707,0.899566117976845,0.566347866784781,0.957625313272254,0.912000021197064,2.8909724453416
246,4,19,3.62667099876961,5.59517928007581,0.177653753728641,1,1950,2.05200602452472,4.56450677020832,0.999983528983941,0.481631217690131,27.2345400279814,0.921268711494387,0.572999976808205,0.958344008838563,0.913144218108399,2.89950679734532
247,2,754,2.42210248033494,6.46240755501574,0.063819262517251,3,309,2.04907190446479,3.99408999916265,0.999885131958823,0.82304853750131,11.1415101624753,0.842292213905004,0.218562995782122,0.904036358185248,0.833618033762079,3.25081072693519
248,2,905,2.76904087001302,2.7804622581871,0.205657953362121,1,200,2.09059784520338,4.40861295357196,0.99997670249486,1.09787514634203,10.103809643178,0.926118198315765,0.370236876886338,0.932699385629529,0.874153660210344,1.1229027733055
249,2,1122,3.03205489146335,3.63549769716104,0.0811137516079475,3,745,2.16247463069995,4.09490857489801,0.999988850820571,0.716704098872048,8.7547727810444,0.879981020923526,0.349451186135411,0.929456716665738,0.869436869841827,2.49191011510127
250,2,910,2.26314368265325,2.66580200752177,0.0209320038418873,3,1903,2.00789147975465,4.49891512499751,0.999974618693535,1.04877085973304,21.5228349812425,0.930352760524314,0.775963538791984,0.978091583028286,0.946503514728606,2.56249823197881
251,1,1371,3.24579636869359,4.31316789063649,0.150383837496022,1,1491,1.99202901061089,4.47431400977652,0.999895918755557,0.687133161192325,7.47526542571458,0.893674307587199,0.537743733962998,0.954462411956527,0.90700724885111,2.81950604880311
252,3,1258,3.62599490733165,4.2336553041262,0.11621046022427,2,1026,2.57803001283209,3.80578051178307,0.999991299308592,0.948669144832552,4.06421192759277,0.921042605602899,0.991903114598244,0.998544972591591,0.992258182877125,3.07373298585429
253,3,70,2.70899151804895,3.13945596570623,0.0962546164416501,4,1059,2.26337145696939,3.7111941005742,0.999999987718105,0.992871983301784,9.05468597024139,0.842144773978101,0.804890796542168,0.980685622162714,0.951279700568399,2.71987210504211
254,3,676,3.88673583283358,4.13874459950943,0.341841925297113,4,398,2.09832155049268,3.91090140018348,0.999969692143959,0.872137023014402,13.5654308308442,0.939505570154846,0.692962331464514,0.970427387295869,0.933033234861218,4.20545044273882
255,3,590,3.45590440681881,6.67186600525922,0.107198474799613,1,1314,2.06250896101119,3.84527844468019,0.999936710376131,0.907738747817677,12.4101512560534,0.918043252160317,0.353549262741581,0.930108747407806,0.870382212433055,2.02051788719753
256,3,1831,2.38602702309444,3.17483511419497,0.0666949361036988,3,1856,2.18273359924154,3.71620648400955,0.999999913368418,0.477241801808677,17.7015184575375,0.870488547750234,0.527145698433742,0.953258642135545,0.905124395334997,1.68518053644597
257,4,1512,2.95333692290527,5.66049822229171,0.0348826925503286,3,1363,2.0784318939071,4.5246876353458,0.99999784293302,0.975230259860933,16.9198549668662,0.855701159394251,0.280908075161278,0.917442227993,0.852272900771866,3.92640678032876
258,1,998,3.80659701025183,8.8346628479149,0.214795734682295,4,29,1.74700188439971,5.61957923118867,0.999999363944345,0.933150531498669,18.1788457304189,0.958821361945771,0.235132782254368,0.907899758345166,0.838946011679882,2.03270701579777
259,1,1603,3.53177386739557,9.86633950883331,0.133977755057422,1,1571,1.84752703055034,4.88791029221146,0.999999986313202,1.00156913731677,4.39826829196527,0.875652710459676,0.033980812644586,0.813806693781937,0.716954455136367,2.758350292145
260,1,431,3.3576598203155,6.70219421160401,0.116586279315492,2,28,2.22701229832952,4.07834838612551,0.999946564905794,1.03989873738646,4.64658416612711,0.956670430735085,0.341060556005687,0.928101136939429,0.867476346260903,2.13639526972816
261,2,138,3.61448368821382,4.17588856667356,0.152645305597106,3,1864,1.95732657289316,4.50041583751806,0.999941511234546,0.973350303822966,12.8368450254744,0.924460379597829,0.955467405030504,0.994423146119918,0.98018145123874,2.32803463900169
262,3,678,3.51582530339672,4.49267010040733,0.410171164559223,4,1155,1.87258933030927,5.02454310799799,0.999981305272737,0.996865605307172,34.3439579367035,0.904727902666161,0.251949010184035,0.911581399897328,0.844058574390057,2.6627701759425
263,3,1095,3.15151589568298,3.41032500651155,0.103116542785352,1,149,2.13046551255842,4.12107089355288,0.999997324900661,0.942254605793268,5.33593643459562,0.964247583170682,0.821754189673811,0.982187965380742,0.954109801141671,1.7079521261903
264,4,114,3.0133010338777,4.29653045199225,0.173917519326552,1,477,2.166974837431,4.23347010859757,0.999994892938024,1.44789200176639,2.36704164792485,0.893361216743973,0.38345835218206,0.934682872536628,0.877058454194719,2.42637137122034
265,2,563,3.09416883134368,4.00261698040207,0.0144334874853461,2,715,1.92851219270539,4.95183044575006,0.999858126835098,0.495863902913309,25.1046162020064,0.922268836744672,0.48398315301165,0.948155412282938,0.897239116084643,2.89771749756092
266,2,1531,4.6755608988556,3.67255620007168,0.37013618475126,4,1235,1.79210452207496,6.0296775827142,0.999955021147756,0.558326292333916,18.9988615502559,0.856810989030485,0.361052179243416,0.931286056521801,0.872093045988528,2.78740866068306
267,4,277,3.66091639230613,3.7759443142474,0.109766346347896,2,499,2.09964161541326,4.38174265983992,0.999996910019403,1.04266100660446,4.53787023080651,0.897132470345465,0.541466467315331,0.954881017623857,0.907664181697698,2.01375630866498
268,1,1585,2.56263297232569,4.83208178405273,0.0759961805513602,3,1663,2.1853696862663,4.08410281197519,0.999993576092017,0.895950334785713,4.59791493136163,0.910287941238459,0.55457489634864,0.956338139496405,0.909959941002411,1.9266281158658
269,2,1317,4.10894762166627,11.2966626509327,0.0994178144957409,2,1561,2.08055997422388,3.95047734981604,0.99997974836563,1.00497095872729,17.392636542091,0.894908637091181,0.0498239882290363,0.831284939038008,0.738623443758738,4.3005045130087
270,1,1539,1.95228711236554,3.90822197014414,0.0747780217962381,4,341,2.11222092747803,4.21829616274678,0.999958749100625,0.565797469046036,9.78135880796052,0.755057853307509,0.147066547302529,0.883598043710591,0.805992574618921,2.451920212341
271,3,947,2.59562121866452,3.96547345943887,0.0317666903138405,1,909,2.02398093084667,4.64579422122251,0.999959270916379,0.815573000921726,11.2990369410751,0.918062146269613,0.596174685284495,0.960802102163192,0.917086723402363,1.19840088545897
272,4,1304,3.10533574409686,4.1635040882113,0.0937341663961773,1,1210,1.99456717817407,4.52874587027211,0.999948599774396,1.05576172535309,4.40454621719335,0.908248612439379,0.659263085806742,0.96717861236216,0.927549506619793,1.95777510507796
273,2,1156,3.57141022037575,3.68714864555169,0.156020017040526,1,1742,2.17347157408002,4.0679508314843,0.999985726561605,1.24249173394064,3.05213231711004,0.940211526930825,0.757255087373778,0.976397268695648,0.943450178360691,2.81391638172945
274,4,1690,3.64437390718246,8.84768258856632,0.21238383323143,3,784,2.0422641392835,3.95338748890907,0.999857458983403,0.993319376960873,10.6665043368546,0.919664978428291,0.172766859410331,0.891808770323961,0.816984370500028,3.83529862366755
275,3,797,4.01195903922673,7.33413233461732,0.375446255586209,3,1390,1.95299051882901,4.46828184495791,0.999999119266686,0.954251834232379,7.22332185188533,0.834770923594962,0.14339626650326,0.88232097737981,0.804294775023106,2.42242725815515
276,2,919,2.50171578946661,3.53705355817976,0.0940258687993496,3,133,1.82848848994338,4.55106683725789,0.999989508719396,1.12269001243031,6.6489087302757,0.871200527039158,0.244124399498105,0.909896239509656,0.841714068308195,0.936189659495405
277,2,906,3.05812023788244,12.6392587399914,0.0795012220036712,3,245,1.87005245938238,5.08126032904271,0.99996421600006,1.11126131440449,3.86644744510037,0.940151072255633,0.879596177721396,0.987337639102833,0.964266684917133,2.88856022404169
278,1,396,2.82986795276963,2.63728730653677,0.116177613766599,1,1597,2.12319184378206,4.16086392009737,0.999993125528173,0.876311548175509,4.80341805070032,0.852755829304724,0.615822217194363,0.962834252530693,0.920382178870246,2.81819545811794
279,1,1778,2.38827713901862,3.85572768437006,0.170941874204937,4,1640,1.96827462628163,4.26605861236769,0.999998672366615,0.781910036963636,6.02267456497142,0.885122921658748,0.313175064278767,0.923380798185044,0.86069862829122,2.95286369945063
280,2,678,2.68773945765853,5.24640186123819,0.102544737984175,2,308,1.79234031262997,5.12633271259393,0.999999716970719,0.943152444504681,12.880413661841,0.947420707900176,0.890097853029147,0.98828162161945,0.966225099175127,2.50783293411761
281,2,1100,2.79346195518568,4.31120549522326,0.0401588735825807,2,1404,1.88699704413361,4.2568607658593,0.999904444749431,0.906950388621225,5.69809345987669,0.894644164507318,0.758849851321429,0.976542312322288,0.943709687270255,2.96974479765101
282,4,1264,2.96184057057449,6.76206198204947,0.058538618441889,4,434,2.04057756566165,4.71698669630482,0.999890470909401,1.0270546941436,4.9913214033597,0.893644853462104,0.321434300160035,0.924815343818546,0.862750572927542,3.01380333686858
283,1,1487,2.56423201750743,4.34841888603425,0.176128824524167,1,397,2.06562621402346,4.98330649116951,0.999962759232348,0.985235624451544,13.6649644958007,0.85853721020847,0.0069681997410953,0.746070466567058,0.636058561914398,2.866404231069
284,4,1312,3.71339415454321,5.12802164859896,0.122496231913406,3,1891,1.896604744596,4.74953347295072,0.999999775954701,1.03686563112935,8.13873117248629,0.876781629439485,0.731781107140705,0.974062480283121,0.939317485809023,1.92826203639016
285,3,1417,5.02326382323232,7.06439788334397,0.355998114647814,1,1635,1.74764060589504,5.06138825230814,0.999992958094156,0.793970212502245,6.22900573264695,0.815368631878428,0.272182551212609,0.915734388255463,0.849869292470542,1.92660496428271
286,2,308,2.96253201407736,3.8134470357589,0.108641258869404,1,983,2.22046407757163,3.65467154080223,0.999962408951042,1.14267754244194,7.59452242333742,0.883460573263494,0.100652583409101,0.864737442908654,0.781214450774333,1.96502364956096
287,1,1261,2.94666473330719,3.92151602322265,0.1463434075112,2,78,1.60998241462979,5.72945704704636,0.999999852449901,0.789442504449288,8.60257456923386,0.887758390817666,0.757478917948902,0.976417633435612,0.943486594028791,2.40528896612043
288,1,1620,4.2393572943251,3.23168516979372,0.237030153826092,1,515,1.84669424597988,4.8522484580025,0.99988217565949,1.01430508627782,8.96218605109035,0.906239333817713,0.893889030208811,0.988623911855293,0.96694440281847,1.40193451373011
289,2,634,3.72362939225228,3.43267097573303,0.239904307051145,2,544,2.04716934818934,4.28355556148911,0.999941310384901,0.981770109380633,5.87526969738089,0.849887952088574,0.209587885532528,0.901833570709956,0.830596420552233,2.86694471587692
290,1,749,3.03606400561729,3.66035917034992,0.080149770339307,2,436,2.03001452153726,4.19975204026214,0.999853180545576,1.0496227635641,6.0219794956392,0.947309693482508,0.848506786860526,0.984565446638534,0.958701255226122,4.44745855925084
291,2,1705,2.56584033009455,2.29412398910532,0.07199481336654,1,116,2.12779955625382,4.3806194246229,0.999996337197107,0.908348330636195,4.31295096891464,0.868350617985271,0.477479757973924,0.947356007378861,0.896017203791226,3.44195044083965
292,3,1779,3.15050194519833,3.94966366759971,0.308824271232116,4,1480,2.02740310151816,4.83837013106999,0.999955258955256,0.968244369648365,16.8050959356452,0.901707721784445,0.155775199411437,0.886516306901772,0.809883994034468,1.86681910235273
293,4,1584,3.641000574705,2.66364301033095,0.243583295038466,2,1106,1.9940673057781,4.89445678700345,0.999994743889069,0.74876146733256,18.8723413341433,0.907733713667161,0.837366678984836,0.983575626695668,0.956771556456127,2.43448092314223
294,1,107,3.68016756500552,7.9582617506879,0.305726949422039,2,22,2.18105368504269,4.39170225490356,0.999998528914523,1.23391127695297,6.02387350871095,0.904942063347473,0.87922476301901,0.98730434990609,0.964198266839983,3.75662081423619
295,4,79,3.31733320338147,7.19547496557592,0.213785226745835,1,1632,2.03336314355153,4.91131321431701,0.999961068093103,0.985119079609988,4.50882359370601,0.920841768142992,0.788849247386679,0.979250395227513,0.948621015630122,2.69729956947478
296,1,119,2.88966093600174,4.24151555302722,0.164148394089366,2,127,2.0898996894784,4.24571660092651,0.999999999606524,0.776199323192442,7.03902176631337,0.860606420978776,0.565472425660118,0.957530275226811,0.911848994105597,2.67354943935847
297,2,460,4.54390166616266,14.5439358146213,0.271103377228899,2,516,2.08292318138096,4.78191244450744,0.999915235264137,0.787848717704585,9.11301971461258,0.914676741984602,0.227384448517114,0.906124318127725,0.836492931325683,3.47582717153184
298,3,1075,2.85323681380316,4.98745079733817,0.10352184103957,4,1046,2.22860592525541,3.95318779057691,0.999992121015788,0.838125974592768,4.49978148032721,0.923584213271571,0.540288095595315,0.954748748582499,0.907456483834535,3.12315631064151
299,2,1564,3.21599617550242,3.65740892592455,0.133448492215117,3,411,1.92406066070864,4.16530930427838,0.999999151341415,0.943718848825348,6.63506784449629,0.910208499868313,0.211518575670198,0.902314429356205,0.831255043740761,3.87847604720554
300,2,1451,4.43196211501092,3.59390537509554,0.389299754421775,3,1093,1.88830094525424,5.06483587408801,0.999994768184433,0.932706114922988,10.6300843734695,0.944655376263249,0.512393490178511,0.951552022275342,0.902470442111663,2.77941725659525
301,2,1224,3.32617240354358,4.79378623938762,0.270142962528727,1,407,1.96709553026099,4.91476417868316,0.999970931241351,0.464314256795847,47.8403224532171,0.925278624242421,0.896092657232657,0.988823297110246,0.967365786185387,2.6881894389565
302,3,1566,2.86573183119971,9.31274090931154,0.124157794933856,1,1775,2.00802496378156,4.36968797223642,0.999995240261829,0.881977870437334,4.89260338376938,0.918602320991201,0.453471774002537,0.944327817193787,0.891418708991225,2.42794922596954
303,1,1460,3.08586757245168,8.52746651807393,0.141196305832891,2,755,2.26136101075269,4.01462419809646,0.999962121430223,1.0604340767506,8.8900694159464,0.939904208980066,0.593248774530366,0.960495525629483,0.916592469765071,5.38672590129003
304,1,164,3.27863842708075,4.10998545851008,0.160439315937967,3,1360,2.16401572125699,4.34688076210199,0.999999999762479,1.17317996548947,8.37622352719445,0.889531702675052,0.607061542570591,0.961933720950362,0.918917617395947,2.84764236054788
305,3,152,3.43833839414375,4.16530570357136,0.301231513127436,2,292,2.26415653275122,3.96680884900946,0.999971184450895,1.0145542283756,21.303735648532,0.948932235776224,0.800072990823537,0.980255317401284,0.950478181248105,2.72296132264259
306,3,1544,3.69001612225816,5.65050899699308,0.121223526740376,3,1359,2.07023594768147,4.26037773249485,0.99999999835254,0.885656842756228,6.68488918951519,0.867271762491166,0.218358908314258,0.903987171318966,0.833550436565106,1.30252121207764
307,1,1943,3.23552742827008,4.05326027437915,0.192722130535988,4,1412,2.17365040701383,4.30683428067625,0.999949535103228,0.814084404322618,7.27028534572632,0.917625097636817,0.804385350318626,0.980640504598771,0.951195478329777,1.22432227686848
308,3,1146,3.78351350018421,6.42219862329878,0.298579141746353,3,913,1.78674146511248,5.49644752813295,0.999994884539361,0.858697485644944,9.81932601062202,0.905655092317513,0.493583989795297,0.949320240441496,0.899025804813999,3.51846664910669
309,4,515,3.60498529345399,6.50293501465358,0.0182022200004849,3,482,1.66155119273707,5.88538990356255,0.999978740078524,1.41036879494542,2.98409712304995,0.942034749913624,0.11992413783446,0.873372168836606,0.792481668459482,1.33417265476674
310,1,1669,3.54296442338267,6.12186190719543,0.133610719630983,1,1818,2.14925017380761,4.6038944237179,0.999973711201369,0.835431537131727,17.5903011425952,0.899769963683457,0.506870609009638,0.950903399358225,0.901466356953439,3.70966766762734
311,4,193,2.88358426074402,2.81726376334147,0.173942936017829,4,921,2.47907353426994,3.61104920191607,0.999999968743865,0.995177150981583,10.2363815913068,0.921486747261852,0.2387954746373,0.908721035391403,0.840083444626004,1.66090125047277
312,2,1149,3.6937906582852,3.94013923483012,0.194828110944546,2,1634,1.94479304005769,5.01222053017433,0.999985083203928,0.408731871330586,12.2317810842959,0.828985937737721,0.603990028845146,0.961615887646646,0.918402329521995,1.99599821641745
313,3,1301,3.59246692974075,2.74145706630523,0.240083975982093,2,1588,2.02981137711063,4.2344905622415,0.999999192565334,1.14168750868514,3.72482520128479,0.911709251509206,0.909516545478255,0.990046036640156,0.969991341126649,2.09127489063441
314,4,1133,3.7099295191391,4.39192793957547,0.256773467619534,4,834,2.5159543790537,3.52376746851016,0.999953501627173,0.94059251394857,9.84524102659393,0.928607223697766,0.157294397708029,0.887010197433216,0.810544223106338,3.24240663764688
315,1,776,2.56207315366859,3.62733882823926,0.115227512887144,4,1899,2.09339811858708,3.82341359259943,0.999998084307451,0.902203291538704,8.41850436040055,0.898690367400916,0.51715495577082,0.952106917326348,0.903331416106897,1.34504059079425
316,4,1832,2.54964599630541,3.62458036033352,0.00673568576254178,4,1244,2.06740867581438,4.29501404045381,0.999991150026819,1.15622984792761,4.56749084731934,0.9278542037053,0.0398206545505673,0.820991565618264,0.725817763080179,3.02271916191601
317,3,1143,3.40196689801641,4.38766239528379,0.20940526324167,4,152,1.97518874642625,4.94382188391434,0.99999149233868,1.18875522736933,3.08411265740962,0.870491383226889,0.396381330676377,0.936566942771917,0.879832105187995,2.39921457539609
318,4,793,4.01842910849894,5.22598948627831,0.229124783541895,4,323,2.07322180064744,3.94122902835004,0.99999349160234,0.762444659188286,8.65028767444299,0.918474608563994,0.00801294040866196,0.751769012401702,0.642694960054895,2.77602648424034
319,1,1904,2.53705913146261,7.43449520585831,0.036849173380794,3,627,2.09051218692673,4.39039040220232,0.999997835821354,0.971768218753281,4.30836017435474,0.876874417255839,0.557573792291805,0.956667904726972,0.910481495613278,1.28307023399901
320,1,588,3.77436455639616,8.19648488727664,0.205599986935991,3,738,2.23610799672255,4.05861359021996,0.999989000433147,0.542425463372909,9.51459398173956,0.948073251072205,0.485850667813793,0.948383402823167,0.8975882371085,3.30857399686385
321,3,1819,3.71398406456151,8.47575880599024,0.208590479587472,3,1607,1.89615680661076,5.27731672715356,0.999997040854267,0.983226636242423,6.39815879669251,0.909599390340582,0.329984688898548,0.926267412735466,0.864834490856935,2.58681895724657
322,4,1622,3.10555414493528,5.95879335584901,0.123825731152225,1,491,2.06582806129698,4.61279474601891,0.999975646044624,0.986522761311393,9.1098118998273,0.919142606190396,0.650070979725569,0.966275068632572,0.926044121473025,1.56192586473919
323,2,682,3.96718059322271,9.5692487810572,0.197603677680589,1,592,1.97399786075915,4.93685610579373,0.999947511813232,1.05474269785429,17.5293383692622,0.909603409611562,0.839476445456967,0.983763060110433,0.957134892148806,1.12979474683135
324,1,497,3.74079868051365,7.21984282012592,0.170164221005537,1,1391,1.96211230428545,4.7511934971624,0.999993496999194,1.00180259797483,5.31605439258624,0.873042103791529,0.0717257587239146,0.848388968679749,0.760202392864518,3.46661715707052
325,3,1809,2.98723962781913,3.62218966504479,0.176340999465315,2,932,2.3166109022289,3.80803302752892,0.999998651618892,0.982396041486941,12.6525654952063,0.794125411323685,0.720938111422583,0.973057308280464,0.937562556472026,2.69643257101919
326,1,558,2.60612100562347,3.56057220847164,0.0859721934094228,1,827,1.96044877216872,4.74571575383344,0.99998171314402,1.01784961341815,3.43830276166472,0.948363474272257,0.994913324015215,0.99898592252421,0.993963996841121,2.22492298542384
327,3,1582,2.76153297047926,4.12549278347509,0.099037036973154,1,928,1.99290488675318,4.46510115298665,0.999939868975521,0.911284178023298,6.50136216030972,0.901516700287086,0.444466511486098,0.943158723148016,0.889655622138523,1.57796199651582
328,2,825,2.84914952496575,4.30550368545021,0.0893896660927034,2,328,1.87139996243863,4.78979066621095,0.999917766271488,1.11738727417993,5.4106680968345,0.819420008053041,0.834220242453739,0.983296082839483,0.956231402439515,2.84893686196665
329,3,1598,2.79872292456442,4.04765779796651,0.158618675465846,2,276,2.07165896527179,4.42830674488334,0.999951550828007,1.06165946457564,4.04208212371184,0.905531355082829,0.950806372333318,0.99395744808773,0.979018649319236,2.60409506136862
330,3,1558,2.43454525121331,2.7627040956577,0.0548336402569003,1,510,1.95010318651026,4.68518857994887,0.999999525282649,0.995311436988328,3.13174534243946,0.965662799562076,0.34051061864011,0.928011299826523,0.86734664691362,3.18248569512189
331,3,1354,3.80572826060143,6.27052547320915,0.147590685770481,4,583,1.98677816414115,4.26961117125177,0.99998910993932,1.13286043913076,5.9362805030645,0.96345116832084,0.729475267929956,0.973849332509236,0.938944186354429,3.24595717800708
332,3,431,3.93201954649374,4.64385479931931,0.101678593075044,4,65,2.40022025344437,3.56058385060387,0.999998245857472,0.883406937473015,25.0312717833612,0.855303551397039,0.617830229690298,0.963039434133869,0.920716834043933,3.43074037728032
333,3,938,3.33696210867416,6.75480158485007,0.103422998691716,3,1725,2.26241278400012,4.0148310105949,0.999978899942311,0.993712551453337,9.69399709458889,0.905912651724283,0.247674954822287,0.910666731476911,0.842785097021824,4.34476397524318
334,1,1029,4.25256845040641,4.04648801790082,0.186150486275769,4,991,1.72745456021778,6.12147146600184,0.999984388482908,0.899851534649775,10.0306793807126,0.974920737505358,0.617511927848682,0.963006939642703,0.920663810783318,3.10753544954591
335,4,1324,3.38214586501564,2.94421782331184,0.135243944561308,4,108,1.73877382104301,5.5804111011734,0.99999088284291,1.04114870881596,4.09895962521948,0.940300654430106,0.897638907190412,0.988963404107881,0.967662970793615,2.5951181206342
336,1,1361,3.52393141674162,3.26202358968145,0.278725845672415,2,1417,2.28340409224308,4.00921006169971,0.999985469618043,0.454819426903267,10.1323671549496,0.924094611548278,0.459306362783536,0.945075333465379,0.892549534103428,1.66319315786557
337,1,1579,3.38405074943714,3.6432244380443,0.221964396305867,3,268,1.92293323275312,4.55052829883648,0.999998246501139,1.10904496034157,3.66695678551866,0.876669256004469,0.997473211493343,0.999409961138064,0.995836373164232,1.83693220654625
338,4,1640,2.83982513973125,3.53508456562225,0.199559267548818,3,555,2.10568744772149,4.72586019799295,0.999971144594299,1.25419607768044,2.9990135543194,0.892106807606487,0.848366410005838,0.984552970051221,0.958676759441626,2.10049941809303
339,1,1357,3.05559534192573,3.01717941472505,0.173954685623205,1,47,2.06946318811593,4.44359382973522,0.999883408154591,0.946906965248415,23.7604711451265,0.764476409820143,0.523079451639205,0.952791913689306,0.904396821130436,1.81827612181833
340,2,1526,4.05815498222345,7.8203395386542,0.256600332790176,3,449,2.15299197092659,4.06484060921782,0.999949115333923,1.07379236924706,5.78377794897789,0.820831573473323,0.422824065899476,0.940268283971787,0.885324294924642,1.88198458544724
341,3,667,3.24263394371211,4.50697245587906,0.195771030844984,1,1369,2.21485582536304,3.9711511240838,0.999998316546112,1.12551381226021,5.58689081451976,0.898256840397362,0.848079646006227,0.984527483180817,0.958626734090452,2.98958774965615
342,2,273,4.19775031470726,3.71727782530526,0.407873815537393,4,1728,1.90456394475274,4.73789760263069,0.999988793372848,1.13639033835837,3.3721019590829,0.886081350139487,0.272264066385105,0.91575056351183,0.84989201823563,1.96851757371594
343,1,1846,2.63139388024347,3.98686246979777,0.146848977045902,3,29,2.16716393518965,4.61407192798878,0.999999951814373,0.717687008491418,6.8196998721287,0.93177633858766,0.296731434529647,0.920424537691317,0.856490747832823,1.19716756811747
344,2,1825,3.10359807162399,4.11713992428759,0.0663214815294845,2,1809,2.14750384509865,4.12025952808436,0.999991585092732,0.459784861100645,18.4588988066884,0.945959886652553,0.470251932507381,0.946457373778669,0.894647662073698,5.85723689020764
345,2,525,2.56728912077911,4.22541977413396,0.01475831866612,2,1424,1.98292573792279,4.82902777893136,0.999992921358505,0.856784546728346,8.44781717220323,0.889844661382956,0.641047453507781,0.965380208982439,0.924561082719765,2.93801614213791
346,2,787,3.69695623932611,5.22702245434834,0.191378614497042,2,786,2.13819320785032,4.13648740219599,0.999967025329599,0.830592790034499,6.89263189843149,0.925643081707139,0.137858562171459,0.880336858673346,0.801663051250813,3.32282615579427
347,1,1700,3.90305827459441,8.01016432533315,0.141356722128919,1,1112,1.84907415290503,4.49277823525779,0.999931455000227,0.999620063253765,5.89157233124328,0.89302343924554,0.0952931696083397,0.862066677698551,0.777754023040368,1.92962550304507
348,1,382,3.64151874174092,9.83227431257328,0.228251497705396,1,630,2.40539674868732,3.30149961254166,0.999991523331162,0.925511268936462,6.04922567985706,0.97756507745329,0.440078582847491,0.942582108440668,0.888788459317574,2.49758128963873
349,3,309,2.47813494678821,1.94301175249974,0.127874169016116,3,1539,2.10371730142334,4.33549164350545,0.999996564898673,0.837118921882181,5.02098357733553,0.891983055396148,0.451467393431813,0.94406923383824,0.891028172400097,0.867378070208414
350,1,1789,2.86756278419211,7.72214484514733,0.174337117856721,4,1888,2.6353317611091,2.88660063083672,0.999973340278212,1.08358629118313,5.79639322234617,0.890470498297527,0.417486628051847,0.939536882737251,0.884234312056911,3.1642655409536
351,1,358,2.92017789890631,4.73619721405362,0.225243356340583,1,211,2.0837869905085,4.81187370959463,0.999999893756016,1.04911713897522,5.29894734931396,0.862717331863682,0.641526438528672,0.965427911695362,0.924639946633507,3.57884467882858
352,3,546,3.6014005034196,5.90775161721394,0.185572590112296,1,1684,2.12127244405224,4.14541159648489,0.999939854370036,0.989459765652525,3.4427178509928,0.803421595419306,0.895700660534203,0.988787804806955,0.967290645093008,1.61360315516675
353,1,40,3.91370538754937,9.11167741523047,0.283375029816538,2,957,1.7387209511721,5.74281781651421,0.999877594569532,1.01400797079289,21.2492402094667,0.865540329119423,0.113344906829298,0.87057684973784,0.78882051783437,2.3723728951198
354,4,728,2.87732151546056,6.69549691338637,0.077586108758446,3,549,2.28925628607787,3.90790415717674,0.999988103771658,1.00777515176585,4.92076673966933,0.938743170694143,0.495522399665788,0.949553261939504,0.899384130637545,3.99208171313862
355,1,531,2.36993863586004,2.00960371041027,0.0220304971695034,1,1785,1.93945611590612,4.8256276785603,0.999969153436521,0.971439722154223,5.5415913272656,0.8755422465121,0.958672240842134,0.994747834726805,0.981007289687912,1.68166648542015
356,1,1276,2.53624364648838,4.09527652906064,0.279688423527333,1,66,2.0659779846839,4.22918216559536,0.999999379844895,0.952607014561795,8.3109304072211,0.952600225815735,0.734833450522274,0.974344144308968,0.93981176602528,3.71118700629487
357,2,1999,3.99215199025177,4.89818784996475,0.306613241235638,2,233,2.04821132949039,4.56872752717806,0.999967663473059,0.822912895976802,6.54803895592093,0.961368811663778,0.30608089780435,0.922122293449325,0.858903943529915,3.47023248495525
358,4,389,3.45155815007242,5.86496847040496,0.0750427315807231,2,412,1.96552543550946,4.26840597683597,0.999996222317248,1.16576358068184,5.6776276297933,0.87595371675347,0.631806996650994,0.964455380744826,0.923036317586769,1.66044622461865
359,2,188,3.11508186451474,4.61648756464062,0.128574927407317,4,893,2.34963281941502,3.69690047970123,0.999930678963044,0.955505199821915,29.9210504402108,0.920739139864358,0.128550337161869,0.876832481050156,0.797032506464568,2.39903292486689
360,2,654,3.30128200738973,6.27596469014305,0.17154485422045,4,451,2.31139102268841,3.57365144588601,0.999999858737326,1.03417363990433,6.40873753838418,0.91189986480709,0.327765360940248,0.925893650569656,0.864297416897413,1.87789935773272
361,2,963,2.37644123073895,6.7326642180879,0.0832404339130882,3,197,2.0915865376352,4.08054571251647,0.999944164554137,0.83749483879749,9.6210736103492,0.852424725937762,0.984811124624684,0.997622195504148,0.989115093037102,1.98722584088871
362,1,1252,3.69212554266867,4.96279753054032,0.100403551627426,1,895,2.12857523326768,3.88702031975222,0.999990267512291,1.02829293848385,4.63803361936348,0.911875267126879,0.268966999370605,0.915092906965626,0.84896862768012,2.92511043083039
363,4,1023,3.17189022771001,6.29447412002635,0.140364338050814,2,1137,1.91785817557939,4.66349016666648,0.99960603307916,0.938609319912499,3.875031604199,0.892114107981599,0.468375084688887,0.946222231306145,0.894289993647543,2.67506162256296
364,4,1003,4.22730427384254,5.70617969398828,0.160283512839529,4,532,1.9075654245991,4.59253032827422,0.999999831231167,1.01108412467235,7.12938879598153,0.910029890514884,0.0446700884494931,0.826248876248541,0.732342008217909,2.28862561213537
365,3,786,3.39644440953048,5.10117105786061,0.182693937878299,2,745,2.37486544529176,3.90732594069935,0.99999658351462,0.935366652137424,6.21447169455107,0.918769945079008,0.0495520727708936,0.831031584837014,0.738306680540205,1.36822193442767
366,4,988,3.69965928196157,7.3067457585037,0.143483386570836,4,804,1.99005451892057,4.09226308520422,0.999895035130574,0.980521749535438,5.48663859750971,0.916880930235127,0.646057020872831,0.965877991037647,0.925385099723078,2.27077834519547
367,2,67,1.88730356216339,2.50277481382706,0.0744139779948346,1,791,2.01859429595326,4.26360522746255,0.999980409378356,1.11279877068532,4.67336912482869,0.824257110009731,0.914165342925116,0.990473376615646,0.970927175788851,3.09692575371865
368,1,795,3.66776650222439,4.69699998984112,0.346503611802207,4,505,1.98374201597085,4.53335710594215,0.999927804637721,0.922041038792764,5.64912597951035,0.794126126383435,0.72698303963989,0.973618590564232,0.938540786809279,3.60787287701443
369,1,1856,3.14807306642016,5.17637756981825,0.215497068323725,2,16,1.99104966366328,4.16136266101727,0.999996155522905,0.985851525998989,15.588098867828,0.941582001743438,0.577804384985939,0.958859342729528,0.913966972604024,3.16436494166273
370,2,595,2.62319706891974,4.63652715064487,0.0883929858952256,4,1452,2.10092138835224,4.02202571418256,0.999998418665276,0.385384001441476,23.406382960471,0.897453981551569,0.921250190353021,0.991129421368003,0.972384299363539,3.25158783214658
371,2,62,3.27563558202215,5.61987858040331,0.132854418783128,4,213,1.86836146349675,5.19969279349688,0.999959918339698,0.72629125262791,4.95209857960254,0.902432910683762,0.241105808410794,0.909233359584964,0.840793867221642,2.91468764717392
372,1,1429,3.0018140147597,6.97201824414966,0.236771784177143,1,1255,1.90259678887054,5.05028262747051,0.999968547233541,1.02876649004199,12.9297633690015,0.946137156232381,0.944988857954741,0.993385535452997,0.977622085167191,1.12198144154362
373,2,1702,3.79209494015128,5.13716341787577,0.211575225067545,2,1042,2.13117280784977,4.06306909660186,0.999999989393302,0.488508989321869,24.4226814988869,0.854436480061668,0.730779086705297,0.973969894731224,0.939155256487308,3.21176053125252
374,2,1343,2.92438348804133,6.18705149362392,0.0606829875254131,1,782,2.19203822835052,3.90780573105179,0.999996128184842,0.888077783274114,8.23542033423097,0.800350142015407,0.889529986074194,0.988230426694944,0.966117950544636,2.49373150855431
375,1,1443,2.73761535410811,3.43575726014021,0.17012947086251,3,1032,2.20189964119343,4.01223138292499,0.999974240756604,1.04109538936917,5.70971553468552,0.856397176153696,0.137060384033248,0.880044930396721,0.801276455087649,2.46707024364982
376,3,1850,2.8625678497201,6.59441672101642,0.157696699989821,4,784,2.17471818915798,4.12452616610134,0.999893738678322,0.93255077976902,34.6782197305476,0.921305916905562,0.632985924603418,0.96457386228197,0.923231217536937,1.85482590870505
377,3,1181,2.964178283335,7.57487636484192,0.0714171497526411,3,247,2.00298361254115,4.56657839424725,0.999959249759372,1.00540273618285,8.20758885639913,0.775990062302517,0.0979467674624175,0.863405792294479,0.779487661053873,2.78465715435887
378,2,298,2.71262260165771,5.87292759566362,0.114108825655191,4,1882,1.94450715662705,5.13722647049534,0.999962522423165,0.805824733416595,22.0473505891858,0.817464257782617,0.94866483588703,0.993745796965615,0.978497977486365,1.67669080214792
379,4,803,4.73398767234575,3.68598668279994,0.37654766919267,1,1073,2.14880900095335,4.46015623451447,0.999961636166529,1.04375405920801,9.89941966482852,0.82617292885182,0.416500976542011,0.939400976290339,0.884032035679504,2.03260053952142
380,3,105,3.42999070785614,2.90666654356727,0.157942100425746,1,1147,1.71165355666887,5.50203593217179,0.999982449512495,0.944906968221581,4.93580168176483,0.891859239470577,0.815957873594016,0.981672141370016,0.953132340405864,2.03497918190678
381,3,304,3.44952798920298,10.1976407262252,0.116753873367425,1,564,1.55152665002451,6.51394301803252,0.99999254524724,0.878182712503481,8.33786401365457,0.910390761026444,0.648554065497592,0.966125192519571,0.925795195124551,3.48397855309342
382,3,184,3.87416017041729,4.2506799520397,0.304874792834669,1,236,2.42490419474247,3.57802196586513,0.999993570169517,1.17565944522528,5.02457436370996,0.837912738305909,0.929008735809475,0.991855671597813,0.974029020862126,3.36678444144452
383,2,1386,2.86306666966432,2.92350444339654,0.111023932357606,3,1523,2.0626901759056,4.53201119662189,0.99999872538905,0.737493878786594,8.46386138096997,0.944929183913135,0.988171561155468,0.998044763108649,0.99049991779937,0.631776801172263
384,2,947,3.09597717154519,5.9344755284793,0.114703080264577,3,481,2.27040365604331,3.97487698760559,0.99997249925374,0.756688423629733,8.10109973865744,0.857694101237147,0.599027483258396,0.961100008178048,0.91756771426607,2.70750325799175
385,2,1722,2.7108442154387,5.66269319913994,0.0689477983230638,2,944,2.12154601069869,3.4375628985233,0.999997377914466,0.585470411675161,7.83849024372393,0.917738064565471,0.560702847084031,0.957010596317965,0.911024292229433,1.76923529732439
386,1,445,4.07796767949704,6.85235951377097,0.259258682542906,2,804,2.09729712454303,3.98616902997112,0.999987007154965,0.892345626493176,9.50271607780911,0.852388369804474,0.518206157255918,0.952228894570146,0.903520923855724,1.92624720959101
387,1,1807,2.87511825874328,10.65348231204,0.0997614597780214,1,1289,2.03079859208143,4.33837079672395,0.999990421241896,0.987613243090424,10.7999110508639,0.875310212885279,0.28886193362996,0.918959123798391,0.854414907479778,0.917983982140745
388,3,1129,3.634108368715,4.24545262825481,0.13481591091003,1,986,1.94369848478337,4.38931249452911,0.999882656681745,1.28602439032881,4.43643373871038,0.856481282784313,0.4731962736696,0.946824757740589,0.895207053677451,2.43707881522828
389,3,1430,4.73145221220058,5.59836349609292,0.280293447847772,3,880,2.11506120908134,4.49138898906311,0.999980498110468,1.1175450446733,3.58218659623655,0.921704224089122,0.18248213082552,0.894627407576054,0.820789420960775,2.16495104093631
390,2,1037,3.80854670669954,8.57330942127136,0.227536045821435,3,845,2.14246782211849,3.86898016289925,0.999913640782234,0.935602615468638,5.45506027899609,0.919214499664656,0.819828163599595,0.982016618571359,0.953784417111829,1.92721071460286
391,2,1200,3.01155832536571,5.26085607394467,0.206109252093177,3,254,2.48682667441603,3.39446049624203,0.999999360226122,0.989893984821159,6.97438847438318,0.876386202206676,0.791601087898016,0.97949713104254,0.949075148162875,4.17260316353558
392,2,382,3.69849545392985,7.73336010365857,0.307194392405336,1,652,1.80737676688885,4.1337779812043,0.999997836641379,0.646931700691506,32.9646294715378,0.800486379255733,0.252170052146539,0.911628330801701,0.84412397556788,2.97732643750656
393,4,485,3.37223944695753,8.22427311923373,0.274803540513673,2,45,1.69363120514264,6.1201538591819,0.999924330439239,0.928229037517694,18.6887562836322,0.840252070202791,0.189521585358307,0.896586628223319,0.823444312084494,2.16605857588835
394,1,912,3.38235680076077,4.04200277037633,0.186894592293581,2,1431,2.20247716217077,4.39503986707831,0.999946976703494,1.09889223885731,4.47157876774154,0.906590993331702,0.235025077592582,0.907875436926844,0.838912353775822,2.11611935147931
395,2,277,3.34066326308173,3.41462728180824,0.0782982018543626,2,833,2.15662843903321,3.96478819009436,0.999989037330846,0.885196666985368,6.23863314461961,0.915616507716524,0.873233361635357,0.986768112856571,0.963101880570272,2.08630991511935
396,2,1664,3.97245724210701,4.98521470520907,0.26940323847193,1,1058,2.02824831211364,5.2099059498063,0.999955899674935,1.00209581859668,3.9429388079533,0.899624171711324,0.220323092537001,0.904458868663698,0.834198927861932,3.07360572011083
397,2,1815,3.68148727763859,4.62569486943945,0.185702783866317,4,1387,1.99010024723371,4.24252301651201,0.999975208524631,1.04202420235453,17.5507089554492,0.887391225903033,0.652137538651004,0.966478896366714,0.926383008099175,1.45447043375206
398,2,1173,4.22183636014147,8.92972100374222,0.316273771654165,4,58,1.73795645042808,5.29424872378227,0.999894788972145,0.830005415537884,4.64332175911555,0.916287468263066,0.49926555971615,0.950001231895909,0.900073849887765,2.98564493606768
399,4,1147,3.3964849754338,4.6492738178532,0.135340794907016,1,1714,2.09542389367117,4.49133670100498,0.999876808226184,0.959394486528576,11.908089319492,0.954746769662529,0.23879608232528,0.908721170723864,0.840083632197742,3.10158932514371
400,1,1829,3.31290620740099,4.28200307938329,0.107061246128315,4,1500,2.0974003099419,4.29183877145996,0.999997802835907,0.585988377711452,8.27937390241902,0.887965216115786,0.358069923240691,0.930820607657149,0.87141606015807,0.773058450336163
401,2,1687,2.84888806541401,5.47374887688312,0.0489979137740162,3,28,2.20087208965999,4.60110974529747,0.999999925735578,0.872260145574319,5.53330205059495,0.854983639931748,0.995766156818718,0.999120359953229,0.994526011749161,2.16063800652602
402,1,1701,2.4919039526349,4.20367093302615,0.122784460865071,1,1656,2.06480146375869,4.58557517916116,0.999959758453417,0.980315547909662,12.6671860874532,0.932848376601054,0.0881399295758456,0.858278699545789,0.772865153716742,2.23386679410694
403,1,1500,2.50145509545412,6.787001245435,0.0921047386065968,2,925,2.07113219975104,4.71005739446917,0.999990505631419,1.0060848289718,4.16855062019599,0.86892634203463,0.6191507645417,0.963174123309884,0.920936711843045,2.46870155727091
404,3,1400,3.87092150834908,4.3478829378885,0.142964075155681,2,951,2.18102958943828,4.30888559782657,0.999974618004332,0.663781893528813,8.51235910506666,0.946183685636563,0.663099937140942,0.967553443295847,0.92817642587563,1.24400287757825
405,3,1875,2.23451967728481,5.58532017962052,0.0742629127147625,3,216,1.99199645662088,5.09391701995872,0.999952910061986,0.846432381916493,17.4957013791245,0.912405103507894,0.838855108013377,0.983707860066274,0.957027789841664,1.29562806590519
406,2,384,2.52752138157819,2.58264804867781,0.103819081329757,2,1568,2.16003196799391,4.32108718393055,0.999938014514505,0.983127661543223,9.61150897575665,0.934694207535108,0.582583009963855,0.959368874555896,0.914782405097194,2.34612209453794
407,4,1912,3.49264175703,6.26992707694535,0.226203998255582,4,1982,2.06230494169046,4.70182006608678,0.99999901615383,1.01802566177934,7.83751461716163,0.934128602121292,0.649699984351173,0.96623843353358,0.925983254692956,2.32787708701497
408,2,1685,3.26914911984163,5.48262819963135,0.0573072752768721,3,79,2.01774333192134,4.46454373223901,0.999997573507479,1.0463793791009,6.80318138219756,0.89074133946245,0.996797174913809,0.999291255952732,0.995279788916669,2.47376217030939
409,2,835,2.75034719899092,4.43944414911325,0.115120396221618,1,1606,1.61915677659075,6.02964283442788,0.999965112950322,1.02889638488913,11.0395990070997,0.931064641560112,0.696949041215703,0.970805622430302,0.933679389790302,4.56742946698494
410,3,683,2.77595163926773,2.25179826000607,0.174804885739183,2,1760,2.01694166062866,4.10795792385319,0.999968917669264,0.605377232792262,7.83078772244955,0.87334714891713,0.450816574739292,0.943985073280565,0.890901135895403,0.985372687855382
411,2,1418,4.00970829270049,5.55791412425192,0.20098398652197,4,527,2.12877798003021,4.15193870954751,0.999865883445563,0.875920218629943,4.02065172285576,0.897147520261461,0.433095280779526,0.941654728466187,0.887397066099681,1.76111335922317
412,3,596,3.20097121624114,4.90741294318185,0.140045960476176,3,384,1.70029331553295,5.43792016031088,0.999978807965171,1.25948932217007,3.79562150853185,0.939838929716742,0.527589610777795,0.953309429101784,0.905203647845671,4.0119040329584
413,1,113,3.05167185825395,6.43994388187247,0.132889745617321,4,1246,1.84072179751034,5.16590403853941,0.99998040053921,0.703066863975167,11.2491452228831,0.912252621352731,0.927693945588544,0.991731953114843,0.973746326422661,2.67838027112924
414,3,535,4.06431890858383,4.9104751215737,0.294265817539481,4,115,1.77044318321683,5.11997941399969,0.999999928153165,0.409729009015635,25.1599214321586,0.882514182631761,0.79652131232433,0.979937711630945,0.949889040420138,1.43068726409751
415,1,1950,3.18831017956195,3.49763241281384,0.189291772494632,3,1482,2.23185252273593,3.82273328192394,0.999940641753102,0.876341264875753,12.4403730889354,0.899805172090159,0.306748792994767,0.922241847765391,0.859074217426565,1.70691676249857
416,1,948,4.31512980475009,3.37456730206903,0.339329146677202,2,39,1.84013882322617,4.86617728645264,0.999968903727689,0.980293290619452,9.60731651557406,0.90901686220127,0.663220951333642,0.967565243750521,0.928196186029005,2.90880449543919
417,4,1993,2.53607432853405,10.027619934469,0.0858430179872494,2,108,1.87833318806929,4.88243264361022,0.999999933833135,1.00913703121426,4.9957164287428,0.92424379505733,0.741019592387602,0.974913328136801,0.940814087602881,4.28643977712511
418,4,1167,2.86216737071645,4.39198342721582,0.0294989284477816,1,104,2.04129748881756,4.19043084729511,0.999931187861264,0.489927645144533,11.2449405327812,0.888035005996934,0.699633915675804,0.971059672241906,0.93411435239776,1.51004381360083
419,4,392,3.77161639803435,6.90986102499966,0.245782906276968,1,938,2.12310398417823,4.21036602139825,0.999998749140597,0.776630535343039,5.38215481044381,0.909926579580987,0.569396606646478,0.957955454414976,0.912525158197017,2.91521125565134
420,3,1742,3.0713133838275,3.20665778463475,0.0654735485920448,4,1164,1.94190605959546,4.48724380957567,0.99999767029136,0.890552010179004,6.3783352261483,0.97032107005453,0.991258019814268,0.998455508856417,0.991932120557532,2.99774985874881
421,1,560,3.66286313433543,5.13171845227145,0.217130972024597,4,1191,2.23494099210258,4.7516030237024,0.999470480285192,0.517596940954673,8.64145565769379,0.8626806470302,0.211141847306862,0.902220909539046,0.831126908773069,0.277763333021811
422,1,787,3.73707494900658,8.11766165854145,0.298096819991141,1,1767,1.83969801310005,4.35776695278989,0.999991729026404,0.961149831360118,10.5121859389026,0.941787264223681,0.545410553691909,0.955322171755509,0.90835774291541,1.65856034839263
423,1,1843,3.14379098281823,2.93120809792377,0.151582151261663,3,863,1.70892256650808,5.52636444900187,0.999889703036614,0.988191832939846,5.11041507634373,0.916879539094426,0.566706511192024,0.957664216927446,0.912061862456465,2.28534385980827
424,2,1688,2.99319364956627,4.71608324903606,0.192365477828281,4,1626,2.29357126554177,3.82647344855086,0.999983928487745,1.28574452187104,3.58002483922832,0.939077435614778,0.415100192651153,0.939207372858827,0.883744025851453,2.71923490043485
425,4,152,3.92515774742616,7.80056330611298,0.247838268204299,2,1082,2.33172837794659,3.69574667689005,0.999999393997687,0.524578659251724,19.4594391764138,0.949711298322599,0.528438657522202,0.953406476329748,0.905355133838182,2.55084334228206
426,3,1559,3.31607397060063,7.15474604790325,0.220340873138252,2,595,1.92212407782375,4.74968622719815,0.999980299282972,0.997079781041244,9.61240606271478,0.833343449689837,0.213962337467819,0.902917491914361,0.832081818468492,1.00163961629508
427,3,364,2.92926895449208,6.05167475844007,0.069988638382751,4,455,2.07141273627937,4.09905065233677,0.999951246292764,1.0113405821182,5.68897160820572,0.919186960005671,0.496697078226134,0.94969412709048,0.89960089214205,2.57988928345061
428,4,1980,2.61191396045179,3.76664855316979,0.152095912024556,3,1512,1.99172446558728,4.75613635682478,0.999917240412972,1.26454321852559,4.25689322625856,0.891935103496869,0.480586353922263,0.947738939559975,0.89660209874474,2.0970296594007
429,4,1772,3.81104245135829,7.2096429018854,0.193049066172571,4,1354,1.84777246418576,5.39290224488825,0.999995700186844,1.01432873190272,5.5934227096449,0.869201198363033,0.124103819951415,0.875076172253169,0.794720069159234,3.51780746305281
430,2,557,4.19777182921738,6.17788630223798,0.333442051992372,1,606,2.21184029935344,4.26000546467723,0.999970432166101,0.358290781781906,15.7153505929123,0.85489609305023,0.672845467692241,0.968499603822796,0.929765423184745,3.65456737284524
431,1,485,3.72871126406173,4.51335004957066,0.270036941572933,4,241,2.27170857236564,3.96655459835249,0.999996810630203,1.01421893266247,4.41903388259453,0.926286427253,0.418822801671922,0.939720699814314,0.884508025566409,2.10241124115635
432,1,250,3.04827705166084,3.31794733414659,0.102748799648788,3,67,2.11026570759314,3.86587436767249,0.999988720989779,0.347851531684521,46.8902332175619,0.921494458822888,0.731011901749298,0.973991411968347,0.939192948453804,1.64626542213293
433,4,1796,3.16010012174679,3.25969749705544,0.230519065206202,2,1515,2.24843821060779,3.56604645421694,0.999998984515525,1.10665540807499,8.28198752750163,0.857519172016969,0.569395274622366,0.957955310453341,0.912524929034533,1.75666038507806
434,2,1297,2.91678707418635,9.07437350679169,0.0594922984442217,4,1022,2.10112828197773,4.10369829560921,0.999990613576043,0.976094872741386,21.838966153202,0.946235183601339,0.972491227090359,0.996203155054827,0.98489640100145,2.1433049527962
435,1,1655,2.87869727769601,3.39000366115058,0.116338739894241,4,1013,2.04722966662926,4.4916745631095,0.999991290628911,1.3821785800011,3.09334481427821,0.913947417575589,0.573803640669212,0.958430427898463,0.913282053793707,2.56462272507436
436,1,1770,2.30936404961189,8.38228231091359,0.0505096105950437,3,1682,1.78908277115613,4.68839762909923,0.999988616200702,0.984504418272487,12.9916364446494,0.918045290209651,0.745739660924301,0.975346177216302,0.941579522006938,1.31141829368742
437,4,1345,2.55180762904841,3.08689915130991,0.013367512690417,3,69,2.47606960149692,3.62291456310052,0.999968369732207,0.632829128611463,8.26587840003097,0.894974701354005,0.388841066742316,0.9354739811619,0.878221344486062,3.97067442397989
438,3,1501,3.41273542180482,3.63037930032283,0.138126145809951,1,1287,2.15670043485334,4.4109408322701,0.99999741159617,0.969140043257564,10.2058105876833,0.852326860361698,0.655211690580472,0.966781354754659,0.926886636062389,3.758035459576
439,2,239,3.83484754141749,7.32208858490319,0.281870228674343,2,1085,2.1772013639837,3.98438675537686,0.999996326988802,1.01582907713506,7.15383953485629,0.863013845273026,0.988803240703419,0.998126795927664,0.990778351563953,3.59381204610312
440,2,428,2.96564374369058,2.5342408046627,0.244855158786997,4,759,2.14357833565343,3.80995154049339,0.99997998857123,0.984528909951689,4.96705963312483,0.817215605646517,0.462973159272224,0.945541225773089,0.893255737552214,2.78301685545178
441,1,1374,2.73465386257451,4.16110114432248,0.18846934364039,4,1100,1.99337838097277,4.70569527673521,0.999999722837735,0.925873925253074,7.79922602225699,0.926618647243104,0.209706514608115,0.901863230248633,0.830637028957544,3.68349759609087
442,4,1459,2.8482627460448,4.8052832947095,0.234713959724636,1,1792,2.16640771710446,3.82652184824026,0.999967675856917,0.86740760959976,8.08580199010024,0.944175862784809,0.468085611937568,0.946185897674087,0.89423475306919,2.45768006119495
443,2,582,3.53007520995755,9.69032961993467,0.261342515933704,3,1942,1.97986578322713,4.53253359024735,0.9999861788692,0.968808151744529,9.21923563136733,0.945121446712163,0.473369737621397,0.946846345197727,0.895239945397774,1.58225320557825
444,3,51,4.37914570897839,6.67026495659016,0.242419080145244,1,146,2.13925491885212,4.1757800942695,0.999958197048649,0.901457293473761,5.46632845660474,0.87876625501901,0.434610707685351,0.941857005648697,0.887700210886352,2.0148259237629
445,4,1792,3.97656505314565,6.2304684105573,0.308733841021846,1,1803,1.76050259295662,4.98744219219901,0.999897105984828,0.688718890543649,6.3473727780654,0.874973823204463,0.513138535199687,0.951639109548417,0.90260544479388,2.28453552250406
446,4,522,2.88792245927106,5.33770973612496,0.218244742790772,1,517,2.03360021997829,4.20067718307359,0.999999960345918,0.939030809473485,9.80835044555673,0.864383633267315,0.402427654946223,0.93743091809904,0.881108878420299,2.26803003676708
447,4,1960,3.44995031160895,3.94878598949889,0.118057677233328,2,210,2.11593202431961,4.21321361775132,0.999998818481209,1.11589124204222,4.73739665763565,0.933409915178604,0.583472956437618,0.959463437620346,0.914933954735647,2.58003732024136
448,3,1760,2.62943911546308,6.34085956489761,0.0454591493980144,2,1339,2.24296328453572,3.85911678249346,0.999982045264112,1.06976793762168,7.03181510742118,0.876586179514961,0.272617498412728,0.915820646868933,0.849990491913053,2.10879189660637
449,2,1049,2.78310521920061,4.57166835390846,0.0579088100708572,4,1591,1.92173232511003,4.79064957892869,0.999999824118063,0.898448871477505,4.3639000343063,0.825683388471651,0.974778259405866,0.996455388204369,0.985608800913733,2.27849173656833
450,1,1479,1.89644699966258,5.49432303639785,0.0755635562088446,1,1261,2.47569819939331,2.80342677648277,0.999997355049732,1.14502126013039,5.88961708521524,0.833000815301996,0.236657481407747,0.908243005014137,0.839421183976795,2.90158572616974
451,2,1853,2.67396874931884,2.51021006909289,0.0192602283744834,2,632,2.28644055427518,4.28689883474135,0.999999997005948,1.13580654804375,4.30668668057156,0.871722296888427,0.875463693868369,0.986967570370463,0.963508447954051,2.87482194662114
452,1,1915,3.24031119272773,2.74305989471844,0.235933263429646,2,334,2.1196540225829,4.54619512012537,0.999987555295106,0.79635396658123,5.22515439772793,0.776882752066788,0.19266718882136,0.897441075599022,0.824604782666655,2.68680305290383
453,1,562,3.63397211815367,4.54382386825267,0.172731745012585,4,1911,1.84688988868184,5.10862668535001,0.999999948468782,1.0310887855096,11.0618516214904,0.877043707068442,0.972305009141564,0.996182791366896,0.98483946267939,2.4482210103691
454,2,1107,2.61181252393602,5.63042713817905,0.08788988635825,2,1998,2.26311658502607,3.94981907724219,0.999976663400922,0.825360868068793,9.1465665803135,0.94070956962216,0.0922719999216497,0.860499784673004,0.775729061954812,2.64073152305634
455,1,919,3.69592026429469,5.23199790899884,0.204941864066757,4,1641,2.07086040280896,4.17678962909797,0.999999868007622,1.05575308408317,7.60215699672887,0.915612693029764,0.361132884398103,0.931298607067895,0.872111311596584,3.61088293442554
456,3,800,2.99642129658195,6.36960242277321,0.157839503769969,2,1992,2.00642992435545,5.10833056004044,0.99999466448716,1.076693373983,7.21202693203807,0.889524203412844,0.569454677170143,0.957961730286137,0.912535148463922,2.09463278580726
457,1,1703,2.6729428786561,4.10943952985455,0.140164114705136,1,30,2.13230621593259,4.51674130866896,0.999976360493278,1.14072234863296,6.63461643527952,0.818124392905669,0.142127759754658,0.881872701451079,0.803699542384225,1.27470602426985
458,3,1408,2.67937551921432,3.84253531829275,0.0723621865841154,3,541,1.90505012821774,4.83697097704443,0.999979350859196,1.06641425186577,11.7820730350013,0.918688764798727,0.115136929322034,0.871352611252207,0.789835234042576,2.30724121814301
459,4,1770,3.58764560583494,3.26159463036015,0.15484920944322,4,1232,2.00678671391005,4.24122209115262,0.999995675103938,1.15283343507676,4.64872764574725,0.86958563783736,0.811318600783125,0.98125889190923,0.95235365837465,3.43933709251313
460,3,1268,2.55669104834671,4.51909827033512,0.1550176386027,2,461,1.78038933483437,5.31433468230283,0.999948596649962,1.12276821718481,3.39390185592544,0.928132349068324,0.234935208689421,0.907855135546361,0.838884260267914,2.874216546201
461,2,824,2.22334822909366,3.68755781961414,0.0662153933800493,1,558,1.6725042609936,5.38096131853809,0.99999981217906,1.05137582801164,4.2963112207181,0.954880124562183,0.590064212679863,0.960160640180687,0.916053421625249,4.55788298457644
462,2,711,2.63478396438398,8.92112822003531,0.109558060602795,4,1427,1.89019669491843,5.82001613091221,0.999886620101165,1.03850331770878,4.01186401747073,0.954433074515456,0.296442326856777,0.920371303028242,0.856415223853558,1.83671529545433
463,3,358,2.99675527869853,7.66979135215575,0.104721604722579,1,1263,2.31542351836208,4.28144142640873,0.99991834203831,1.10609476301801,10.2440781987375,0.849108730209668,0.312366366386414,0.923238587035229,0.860495575542958,1.96498817393754
464,1,1323,3.18553211194835,5.4000901476677,0.0561809699715849,1,1856,2.48633284316478,3.92390650255539,0.999988436747157,1.19880300666929,4.58667749370459,0.942043537412504,0.84271212760359,0.984050528103863,0.957693997436965,2.29777807612655
465,2,1545,4.29186683163538,3.70763160082914,0.307304365790067,3,545,2.0583601890634,4.12953864312404,0.999952606825344,0.985799002738787,4.74176122655056,0.932152369717872,0.907603841274977,0.989870851714412,0.969610559783165,2.89765284219938
466,3,783,2.81909541528172,3.47656737212878,0.0757461750465713,3,1162,1.97687670777446,4.64219839420786,0.999865874811177,0.827532626747691,5.97475344430303,0.871948749026582,0.0801081415265799,0.853673062951777,0.766950298562043,6.00202226029236
467,3,621,3.78236879117116,5.38444278035215,0.379546068389681,2,616,2.03746765446335,4.14504705413057,0.999976095443732,1.03740711728357,10.2124933664868,0.903976437527961,0.574873127276078,0.958545296161075,0.91346534982602,4.39852084995935
468,3,1381,2.35895618000932,15.9213126107556,0.167704138098424,1,1953,1.87963335989717,4.79277707866295,0.999997785994316,0.885350476102072,9.47415894670651,0.867416742750958,0.142778507201001,0.882103119685956,0.804005450728241,2.29758231429625
469,3,157,4.15312958351734,4.57587650984848,0.383473051255885,1,1817,2.2039396083629,4.37443701273747,0.99994791037524,1.08139335740753,4.81477526950564,0.89724724027254,0.803270312724635,0.980540951679013,0.951009792536632,2.2917375012352
470,3,1976,3.71527856765447,4.7622107520379,0.11393618768076,3,1364,1.91130972753546,4.59365016212778,0.999867418585822,0.628038270702601,64.7776570389799,0.937708063762619,0.94025813951157,0.992926988896677,0.976524804997176,5.13141820594344
471,1,258,3.06762171079668,6.22885722182458,0.149339514001189,2,1618,2.21587998607833,4.21665240608084,0.999995454389637,0.774263920482059,4.67215113902078,0.884534489393867,0.481066856533289,0.947797993508066,0.896692368142662,3.01103053845944
472,1,1251,3.72075306188881,4.15672475414752,0.0681470675509692,2,1989,2.05622108359071,4.07064805211189,0.999867906173111,1.01203895979478,30.1757451263892,0.860504159425058,0.354005397297442,0.930180923485971,0.870486950919895,2.83239460380159
473,4,964,2.73410901308185,5.90283596387982,0.0460092503456258,2,1237,1.90613022927402,4.66305122519069,0.999996693362323,0.453190050673662,34.830316720941,0.904909514086108,0.0205540182068944,0.791544462703406,0.689858192058246,5.62254670954832
474,2,1681,2.98902531520156,3.79269526104637,0.0360922362230894,1,105,1.99852947814807,4.13555141932735,0.999898021074767,0.54612638458782,7.72066202760946,0.952539891942104,0.503324352670461,0.950484032080594,0.900818474732275,2.34440206941361
475,4,1947,3.05308413601819,5.4079207823363,0.14676088811545,4,1158,2.36927990913049,3.67666388344676,0.999999436550022,0.426348834644679,16.516513422162,0.930403274169861,0.955459763528779,0.994422376543098,0.980179509159248,1.97055609121349
476,1,1248,2.03624714487478,3.68738260864451,0.181503932578727,3,198,2.16032915652383,4.26895068377215,0.999948310539387,0.786293978757659,7.80455261782087,0.897829896892682,0.428628175053746,0.941055085027534,0.886499510754955,3.62395091082441
477,2,1600,3.82500238772611,4.01366223808107,0.230772257059253,4,1751,1.97759944966159,4.31329590602234,0.999978569574368,1.11074738638853,6.46068353240272,0.842133753271519,0.764483043225482,0.977053695120789,0.944627384801513,2.52853375290377
478,4,953,3.13339629227574,3.81524368132711,0.138005203412193,4,1221,2.17996324390956,3.95186807686481,0.999997132296751,1.03677693974522,12.565777927974,0.873242245671354,0.394537070533261,0.936301229490077,0.879440058945549,2.10849593142415
479,3,713,3.86148312885033,9.87863369282369,0.214627785140891,1,1196,2.05997157669216,4.31607967087048,0.99998077843549,1.02812018934639,14.4331704839871,0.897742991529469,0.641432542353868,0.965418562267174,0.924624488114111,3.08553234736446
480,2,683,3.78680592349861,3.77519554650797,0.185337174529895,2,128,2.23300176493355,3.90390284551167,0.999999994107477,1.22479458487477,5.00344167591179,0.820985093829787,0.139855246292427,0.881060462594492,0.802621987141443,1.77734583467044
481,4,1043,3.06337170488326,5.97110129932076,0.0326722235159451,1,229,1.99341450133468,4.297180581358,0.999974019815696,1.09233615046416,9.55754190623828,0.945687293428292,0.278900045203045,0.91705335035022,0.851724855115959,3.71619590657146
482,2,1013,3.92404894303562,3.05808170486965,0.145028206496007,3,1783,2.25238283294077,4.1033697339094,0.999999923566141,0.953288324408496,15.7812791558621,0.896225852500681,0.12890556990169,0.876970395313954,0.797214322344601,2.95967248932793
483,3,1292,2.68657063147288,6.05999690596409,0.0178608842509694,2,690,2.24617835728876,4.27614959450843,0.999939636288128,0.995545982834356,8.34266636046483,0.893820374417395,0.85692399321124,0.985313949890192,0.960179290665505,2.04959196037383
484,4,254,3.50935756688247,3.72284221388115,0.167743625987121,4,446,2.16174941019682,4.5086558016399,0.999998983528047,0.807037580228095,10.4387451221504,0.924396575747534,0.165256369393319,0.889530186224176,0.813920473618775,2.47436741927718
485,1,364,2.95657301341232,7.69908420280677,0.0814155307067886,4,100,1.88546851417675,4.95250259785336,0.999993172092604,1.08312839571957,4.31090882264444,0.889643332394971,0.799864935223013,0.980236721575985,0.950443630144312,3.10038508470997
486,3,586,3.3724388289947,5.80071261454563,0.115327628994502,3,32,1.77844118457398,5.53459466537403,0.999986511772464,0.997615641126056,8.92932666076445,0.964235022717032,0.410563366254792,0.938576613552649,0.88280682282091,2.05359931835787
487,3,1861,3.14285180587083,9.95084905998582,0.104037984688926,1,987,1.98133179875023,4.4938153264525,0.999993622668238,0.904586566672398,7.06309201836263,0.944914910386423,0.862479314673692,0.985808553468201,0.961165468926487,1.70996991591078
488,1,1492,2.45080223479121,4.71638821494284,0.0828675722805551,3,1795,2.24266842740687,4.11119978277941,0.999992062285517,0.987122332096371,9.55120054603518,0.871570196482372,0.860717107541859,0.985651595105891,0.960851665485661,2.44586815320754
489,4,1403,2.87851419499533,2.28297754687506,0.137950909858221,1,205,2.20363547772236,4.46499786348969,0.999918356541341,0.956584423858241,5.52608737514568,0.904316011795124,0.976264855824411,0.996621617317527,0.986085925894733,4.12938958105921
490,2,73,2.83777005351235,4.94802195778158,0.0374392927798853,1,1368,2.14596097508038,4.15618447256549,0.999997014174066,1.02976170956937,7.29053084683919,0.927107026532977,0.0926662355195731,0.86070689793444,0.775996504311411,3.9796925927901
491,3,1495,3.4217341096243,5.47958415242875,0.148079312876854,1,993,1.90218960258077,5.65267638431473,0.999988726092253,0.434161769171143,8.86462880876284,0.902166844869718,0.354836800834164,0.930312276980804,0.870677613429657,2.70927269321878
492,3,516,3.8155242912841,8.64751641922897,0.181553835937089,3,770,1.9514954731347,4.95033702482245,0.999999940886397,0.855516444203705,4.62323549035607,0.871482325588781,0.040353205287829,0.821597121193372,0.726567554475407,2.32945119307164
493,2,740,2.76315102768325,5.09642132446693,0.121558800103413,1,1424,1.99685319313688,4.99415895734204,0.999974566863376,1.023800249314,5.56610164219451,0.917522400981131,0.361970293102786,0.931428693439626,0.87230066902173,2.49974755239506
494,4,1357,1.93131389122443,6.68935402105916,0.18135522484192,1,1507,2.0891609700522,4.24567544574777,0.999998492379708,0.859005298244128,4.65452648573585,0.876958909019286,0.0624544713646173,0.841835674490285,0.751888291615585,3.35179091424408
495,4,657,2.49118734539304,4.28228441371306,0.0698170795424483,3,1407,2.15538736918453,3.88161699493324,0.999913488370604,1.25590468514925,3.98578273861957,0.86269003149564,0.140759147703648,0.881384958844664,0.803052332040121,1.48899053099393
496,3,1794,2.77981412116313,2.74469047734452,0.151075950935736,2,1920,2.0191567957172,4.04619213659585,0.999998948241513,0.725063359242233,8.3871937338605,0.858286601205213,0.295221462380141,0.920146001249928,0.856095684248077,2.71477048720729
497,1,785,2.80328006456383,5.97586568179615,0.0489219632374101,2,1910,2.03502586484994,4.26600389048305,0.999990115751372,1.20185413327353,3.64663296103974,0.856230784368511,0.683169161202386,0.969493023481934,0.931444164296948,3.86076207888847
498,4,202,2.39181799738613,2.84847359967579,0.157473760876866,3,284,1.99188901988337,4.55074860744467,0.999998721827119,0.986964729954001,40.5581645811983,0.846065500498082,0.150523680029437,0.884774791141488,0.807559753932309,1.76445892223448
499,1,521,2.50175057981298,3.65800256965962,0.0673391412833864,2,1059,2.09364640150838,4.56319721741915,0.999971699227481,0.857049723715449,4.54083523761366,0.929934398086288,0.446846387349069,0.943469534072862,0.890123704405058,3.58421250837561
500,3,1673,4.06047371665649,2.653832079873,0.397733283121813,2,1722,2.07546597531976,4.39276848665097,0.999949451116596,0.934371740223814,2.95533910228229,0.857340988321169,0.670214446028695,0.968244986356698,0.929336883610774,1.57153236392731
501,4,1342,3.86794688230984,10.7858187112757,0.172618060674191,1,1246,2.48426544807089,3.78654997804814,0.999954394488495,1.01138951793315,4.71576070311531,0.841768710816442,0.64706672471948,0.965978022373045,0.925550975693152,2.07365341702214
502,3,978,2.79494031906008,2.97404234674331,0.146976019690596,3,794,2.07290763016573,4.24712252317464,0.999984165872393,1.0652519051618,5.01770861919312,0.862647432783482,0.614737244555727,0.96272320020632,0.920201200769375,1.26858118705061
503,3,1085,2.92201411676745,8.29050884117886,0.178794787739851,1,1591,1.96997384823011,5.3136755423288,0.999877304682279,0.99314849036046,9.12534715525127,0.846583249512667,0.988726322073489,0.998116756601136,0.990744089535405,2.94706072664352
504,3,1237,3.44695513466059,8.12266400903472,0.181062738299647,1,118,2.10283661284083,4.79102074982163,0.999957489898811,1.08059031378758,3.101192596053,0.971930211057961,0.557600177824497,0.956670800342295,0.910486078622848,2.30356745241024
505,3,1536,2.80709177613198,5.50550527986347,0.173815956058923,2,532,2.05324593004928,4.57874114192063,0.999993909379174,0.733314128550036,13.3793901925416,0.844201456974265,0.344868537737057,0.928719833575478,0.868370337423361,2.40062884877136
506,3,1029,3.83888365211252,7.75404147485481,0.24609789302251,3,629,2.16084913502538,4.16366952436145,0.999962117456254,0.759107251731979,6.26808478849882,0.89261702182685,0.42176346690394,0.940123554073299,0.88510842014611,1.33193634865314
507,1,265,3.34276095614133,3.31047737248305,0.133332878728738,3,751,2.04920956902622,4.22955431832989,0.999962722442821,0.981750470295341,3.5383547256569,0.872490413763231,0.156155946431682,0.88664049530458,0.810049962971648,2.67468216628433
508,1,273,3.48066687113076,4.7709183646801,0.442500936456953,3,333,1.95502116386212,5.05111356519447,0.999999946106251,0.944049751517439,4.68049693539662,0.936760670170399,0.772899009985849,0.977815072807535,0.946001855950974,2.60006123678763
509,4,1152,2.72093503857094,3.85615371746955,0.167589247105783,1,289,2.05745403119586,4.43742525156488,0.999997580881527,1.38786664209887,4.11815739603041,0.98025983139372,0.177964269649237,0.893333902213396,0.819041153855673,3.28810785185436
510,4,1072,2.78680588538186,3.32957745512649,0.115866798636402,3,1460,2.10218002260703,3.8493930717501,0.999998346654954,0.380087156498855,13.5823532861987,0.880572086672728,0.298678327118978,0.920781859007557,0.856997904222253,2.39355686855061
511,4,814,2.63653258778557,4.81206387893064,0.0303531542069085,4,1786,1.92522104319191,4.5394004756843,0.999864333223988,1.09826032161221,3.89884409625506,0.90786099291019,0.46912360098213,0.946316099621233,0.894432739764072,3.38954133219769
512,2,679,3.39862481451985,5.48981824593864,0.209403918369603,1,762,2.11727716776041,4.16797838607116,0.999998829719746,0.726705284813068,10.4597352552842,0.932443251467922,0.795967233134434,0.979888132106533,0.949797257960327,2.10535822979134
513,1,1,2.83147413123157,3.49130786503401,0.0447494321417822,1,897,2.03223610723487,4.54846338479512,0.999997044322094,0.903248283341338,5.75839636830584,0.93550574684183,0.155344314640388,0.88637543340126,0.809695763306299,2.837581666611
514,2,197,3.01237528207226,4.50510921703712,0.0688154926959391,2,1891,2.479315497101,3.76164671149898,0.999984922353947,0.739666137591545,20.7870495631254,0.916889962735223,0.578096576035023,0.958890584557511,0.914016914773958,1.83673896188186
515,3,1391,3.39619467492372,3.78372347328649,0.290715586391837,4,262,1.91309323839094,4.47118676588514,0.999959953671346,0.928933375108555,8.72048320980597,0.910036520332775,0.774400743888691,0.977950620092698,0.946247603710639,1.84981824688884
516,1,894,3.07399997159839,6.9490949577179,0.117194160968919,2,515,1.85133545129332,4.73756174333937,0.999958043998574,0.855837896301718,11.585379946986,0.915203586738152,0.0926302443258464,0.860688023391079,0.775972129137481,0.925994410921731
517,2,690,3.46035222522776,5.2533999715972,0.024172996374095,2,1113,2.09616643968548,4.15185860499176,0.999946202152558,1.01367704908668,5.47981510718357,0.885495601458052,0.12685748632066,0.876170450104415,0.796160205328693,1.85608901968783
518,4,313,2.51936244706012,7.22401918705236,0.149238876134571,1,341,2.20024897251809,4.19706736800024,0.999993794694812,1.01164968398525,5.91532810429464,0.962277286100199,0.945734145119786,0.993458282139057,0.977797936810072,2.56984640506856
519,1,400,3.5437362072774,4.39386926794086,0.111467337228961,4,1346,1.88504422259788,4.92563414665054,0.999992501132045,0.626240294034557,10.4075392536732,0.941936959909294,0.648376165889204,0.966107600909682,0.925765991912968,2.64178387157072
520,3,1124,3.39870873784162,7.38125125340006,0.297820144233337,2,1935,2.26563607821783,3.58259461940916,0.999956554625765,0.961636678621089,5.80600301542776,0.94323172647809,0.804149055387825,0.980619410172542,0.951156115578999,3.27152535393826
521,2,1977,2.61411252124678,5.15341751720612,0.0821052954227733,2,772,2.12892327363319,4.40109660585842,0.999941777584818,1.0176523081562,5.61832025884759,0.856358479453837,0.275788327679038,0.916445868863308,0.850869607844354,2.91583155128263
522,2,17,2.79811209739619,3.67325324567502,0.0893465562996209,4,1989,2.09462225553588,3.93897410046745,0.999867930266217,0.664712574107167,15.0116618967738,0.851919496682337,0.271629946772009,0.915624621564466,0.84971509310101,0.905752308001553
523,4,531,3.3381662508708,4.99618894894414,0.129137585581499,2,568,1.86728180564362,5.92708328817917,0.999964863126719,1.05624392319951,7.2027348344173,0.922755735114584,0.943634391529486,0.993253692008487,0.977304642479794,4.21974992525242
524,2,171,2.41966784936602,2.95807140747367,0.0424277921641115,2,1777,1.95021880021753,4.40624898270763,0.999724851677543,1.04258744828774,4.71063655527042,0.875193900065157,0.103089786600322,0.865909116291974,0.782736139429894,2.64627470217698
525,1,539,4.02168961526143,11.0241782434088,0.324333495735391,4,1220,1.9988942778217,5.38576268398016,0.999982792282614,0.713685119357704,5.41035765935727,0.91899945027448,0.428078152704984,0.940980899897939,0.886388583587978,2.18026587493348
526,4,1153,4.62395467458942,6.3461461908026,0.20503745073082,4,1321,1.96639265815331,4.54092096123763,0.99991344253049,0.731087452894989,7.56506087157412,0.939744211165251,0.515444543678313,0.951908041216564,0.903022628224829,3.47415285527664
527,2,1530,4.12725460740104,10.4162302532549,0.300779808730111,4,1029,2.15648813176061,4.2097379349904,0.999999925484072,1.06821455155843,5.07069077435168,0.899132225668348,0.639957770006731,0.965271600360764,0.924381606924248,3.72368846929369
528,2,548,2.96698842696228,5.51313815358521,0.138833178851165,2,937,1.83201795014233,5.06954347242692,0.999938728652873,1.13781432188291,6.16037871397595,0.865038412363358,0.312777099665254,0.92331085499307,0.860598753481061,1.68533895952887
529,4,1458,3.6827137625468,6.33140725427895,0.117545138258098,4,1410,2.05323680700403,4.19095626552064,0.999950472816417,0.932602444350578,7.0880632258944,0.884675093202076,0.92965855402872,0.991916922496293,0.974169376704119,3.59120703379723
530,1,356,3.06511254521706,5.44813082657011,0.173420371388845,2,780,2.05223695592361,4.82311261268297,0.999982354463845,1.19893190600261,3.99878935275309,0.952417016425839,0.358428308041766,0.930876715057469,0.871497624855862,1.08928304602028
531,4,1375,3.28864113511955,3.65717949022345,0.245842151518237,1,1761,2.23921956170087,4.64940719189351,0.999995247885132,0.915420800683404,10.6023885382384,0.943781612539092,0.886537930928171,0.987960986737863,0.965555840770704,4.02457977535033
532,2,335,5.00345830938513,5.5548082688906,0.344147303787549,4,236,2.14832444167734,4.1972841706524,0.999999908498934,1.15875301695862,5.88342562972638,0.873999055941896,0.264771344838664,0.914245711940557,0.847780906344961,4.75243947295176
533,3,623,2.95010509705564,5.71683473193697,0.0826784364744218,2,1449,2.13111236275749,4.182932548869,0.999995953782319,0.902613792889558,14.7047571349626,0.940212271582806,0.537937921704724,0.954484301181562,0.907041572193469,2.20834594704654
534,2,1311,3.00928103524093,5.32603253445573,0.108914732538754,2,714,1.9336437951644,4.62782278115055,0.999992778106314,0.391906528829882,25.8499072505834,0.92821586984716,0.669099845923483,0.968136939863403,0.929155242476821,4.85166171460054
535,2,899,3.31293125817474,7.69475713533123,0.136453870329684,1,123,1.9553627071904,4.62618049404505,0.9999965855227,0.934091816650076,5.1356836562597,0.925457913579634,0.41284338477999,0.938894321783989,0.883278668495825,4.68879007609003
536,2,491,3.8574760614745,2.46823030689825,0.285757075276061,1,1771,1.74802369519626,5.46635699541954,0.999998692506624,0.993054468252863,3.68650030047683,0.843309904543263,0.184776844922453,0.895273418463959,0.8216638939933,2.4532846424783
537,1,321,3.13967267737316,3.17533495045432,0.259971568729646,2,243,2.37806342071675,3.8996395484679,0.999968834859497,0.91008798053583,7.25876488366585,0.903193422680934,0.321007132995874,0.924741932675699,0.862645403903279,3.13859334031306
538,4,35,3.20224309089501,6.06374855336493,0.0639027553856222,3,1576,1.97112756624027,4.53209653647046,0.999996439831381,1.06369550953939,3.56607084661012,0.927743000495147,0.413907254580408,0.939042070921889,0.883498247708617,2.83579482408641
539,3,1019,2.97076876218444,6.49089907638472,0.0478827281989097,2,1249,2.07335060169034,4.37121440139118,0.999972120360883,0.652702629019562,8.921763951166,0.848079710162122,0.773465061094612,0.977866175575306,0.946094467491544,5.51992734201652
540,1,89,3.35770639008017,4.37090629093583,0.281202404102334,3,1102,2.13648523907056,4.23969929049766,0.999999967024341,0.849764622703184,11.0306034588768,0.939478087835776,0.17908777599223,0.89365830764602,0.819479276871325,3.02969650200162
541,1,1157,3.71695514110988,6.26394312429299,0.244037320799166,1,1825,2.04708810046125,3.78673994748568,0.99999878738221,0.4458028411094,21.5962871757403,0.787176716255767,0.630728123476729,0.964346827351895,0.922857861398561,2.42668756904224
542,4,1427,2.9555251601564,5.18710022095011,0.104304425009356,1,1139,1.98651327723369,4.44019545645037,0.999999385895543,0.843591674988415,8.1117346007071,0.956937572354832,0.0104486900381744,0.762734241366695,0.655547146249156,1.59517949492379
543,2,712,3.019660710325,4.1314021881392,0.0743289427195383,1,1971,2.05998998827827,4.50374680900241,0.999923203920628,0.626023956171052,16.9311393310706,0.927605806412884,0.466922461055219,0.946039722068489,0.894012580627957,2.18846087373388
544,3,245,2.97223098018458,3.05646432777408,0.0498814731652062,2,1030,2.43013804405785,3.67661279385602,0.999995677693564,0.780444592987144,15.7637532562937,0.941145723785492,0.981123952427879,0.997179756504933,0.987738633772874,1.06351276998266
545,1,1595,2.86850918774973,2.65383392017008,0.0607106113825455,3,908,2.07519575309121,4.13716507228884,0.999976541475134,0.93040360853055,5.81831177613708,0.828306892389046,0.218241977971047,0.903958971638653,0.83351168455337,3.4029715018908
546,1,1916,2.68732256625252,2.62247578006238,0.0559181122591044,1,437,1.87507670664785,4.68654750524403,0.999942962687745,0.515901444851179,9.08622771891962,0.840051507848833,0.416949489386752,0.93946285223221,0.884124118683616,1.7272297725887
547,4,1283,2.60057211721137,2.40468526773122,0.175609740964683,1,1530,2.07434737881812,4.05791523185387,0.999915159508525,1.1217964921709,3.30029235028692,0.832036357336248,0.645817374112085,0.965854234611149,0.925345720038315,4.90723345721718
548,4,1509,3.91220612780503,3.43029184991988,0.0514194263985316,2,470,2.38899807623685,3.88279068187237,0.999999613674802,1.24178010756513,4.97800589978521,0.906926402059542,0.353974271565676,0.930176000843565,0.870479806814698,1.67206185805279
549,2,444,2.87354768047916,4.85241330176021,0.110471191178766,2,118,2.20414889844069,4.18681305930682,0.999934128024985,1.01829478153938,16.1669956142706,0.905827947881114,0.839547242270783,0.983769349757284,0.957147100915674,2.97469296924286
550,3,1866,2.82507218323482,2.55612448393852,0.0809245495011177,2,1864,2.22851714256251,4.08329157599227,0.999976796018193,0.350829303092103,43.0656636656347,0.85270411615258,0.394862410845235,0.936348178220879,0.879509308258337,0.74992257701708
551,2,328,2.40620377601624,4.12856795410647,0.026308836359063,2,1904,2.05403109778294,4.25730220928443,0.999998307794706,0.460594804589597,54.1596882278805,0.94288940451635,0.553257215069607,0.956192828770922,0.909730355401967,2.53208608888459
552,4,1360,2.88926626154551,4.98518899141955,0.00716811096829502,1,1750,1.8493291889717,5.00308223230841,0.999997617781611,0.996531888642813,23.893087671462,0.931149109725807,0.660628973506391,0.967312202701562,0.927772776688327,1.73842649610708
553,2,1740,3.75765577828124,6.21330020599953,0.223699831939871,1,1936,2.27321230472819,3.76632516755692,0.999999535839913,1.41825159571635,3.48973302288012,0.894059079583803,0.731147649465129,0.974003956538241,0.939214925906999,2.4268144880334
554,1,1568,4.62341970138384,6.87259699562438,0.310822652234721,1,1298,1.78948858901704,5.56242699971095,0.999986196984545,0.753152334133576,3.38556389666944,0.901797245761204,0.801510139601305,0.980383737784228,0.950716981951275,1.50973658584608
555,2,770,3.94374065982535,2.69346005305872,0.382963223951055,3,479,1.8133593894358,4.90114770957392,0.999936348604215,1.43335670600514,3.12340038346555,0.949215316946668,0.860655137570575,0.985646076660685,0.960840647077378,2.26382078264669
556,4,415,3.09086014975568,4.3067620374185,0.0765636297002498,4,21,1.80437756632209,4.9494590135434,0.999999806841408,1.02667152902499,18.149936501985,0.861158318492178,0.0404779645614326,0.82173790987304,0.726741939939792,3.3740970687558
557,4,690,3.16068261560922,6.09057110776417,0.0545837827888885,2,473,2.00077213662914,4.7360135316125,0.999991657185649,0.906812269789368,5.69956694120902,0.901854793288686,0.791951532941312,0.979528535606261,0.949133035262935,2.61914303410119
558,2,1104,3.34232295835757,5.44101647164709,0.0592792870300239,4,696,2.40572381302258,3.90810836161199,0.99997788703628,0.971789058740899,9.19745067751043,0.897421634135735,0.887779201613739,0.98807270498528,0.965788541776496,2.35556443868805
559,1,1841,3.74007317916119,3.07779423663403,0.229296176097837,3,1877,2.25885571562253,3.5919144447423,0.999962731258587,0.990911430399599,14.9885665992394,0.902937799289078,0.961681158747524,0.995056451521947,0.981804880780834,2.41438858863887
560,1,1892,3.63762420866979,3.48508202651323,0.266352349629723,2,202,2.47237447033707,3.73631782129825,0.999974072694642,0.970699953626192,4.40694072505761,0.886579050582565,0.706233401782811,0.971681882802504,0.935182968635284,2.670613585014
561,2,1709,3.04868412991454,6.64593946535432,0.203892971869075,3,907,1.98128857472643,4.85489580251443,0.999954303177665,0.932130570551475,10.498432823996,0.885517642929175,0.254300713771954,0.912078856299285,0.844752111648083,2.54406707062687
562,4,764,3.90213155816811,2.83973822546093,0.309594029419534,3,993,1.95050445643824,4.40368077601402,0.99994043851906,1.02512478745686,8.76662590277714,0.824604813402367,0.0790177471935749,0.853015341394892,0.766108174288442,2.24738571544353
563,3,251,2.84101305777579,8.19252527246788,0.156337960175647,3,1765,1.90356523665213,5.1934220036612,0.999952912772488,0.928420512420492,7.43501220037954,0.849949295493075,0.426156622124836,0.940721116636752,0.88600033307508,2.23529088551594
564,1,1783,2.93854174577298,7.35911795133263,0.0517105118409386,1,1559,2.0302325239131,4.56125750191638,0.999946065122437,1.08604855392339,2.65119334582344,0.947823244275179,0.298325018957257,0.920717165393146,0.856906053644761,3.081848017551
565,4,1598,3.07858719010086,2.87670677707281,0.121250810474473,3,1013,1.87339640822835,4.91053394228305,0.999974811343031,1.1204083163662,13.2586172647195,0.887929450881688,0.402041818015277,0.937376108155362,0.881027788300318,5.71670487677849
566,4,1952,3.55299317869,6.46173986391816,0.228769778073693,4,545,2.00911706212414,4.37495392468691,0.999999846281842,1.50812184615716,3.87052450188455,0.918006546760612,0.1106403444428,0.869384569028698,0.787262955554199,3.96966356795414
567,4,58,2.84002069494927,2.79138259868532,0.0786551167823248,3,1534,1.87381249482576,4.52538116810922,0.999974814927002,1.07899705980526,7.80520848900403,0.923225476347583,0.633008744800463,0.964576154269589,0.923234989077802,2.78905372004255
568,3,1345,3.08188339437871,2.64535395510458,0.147214679512031,4,1183,2.29953569140903,4.06000931138078,0.999907471951235,0.826613541809555,3.88575685458142,0.921109826375185,0.795949081890285,0.979886507768472,0.949794251794978,2.70911381724654
569,4,173,3.93347414529771,5.20936721961083,0.204272496266229,1,1988,1.91458902066347,4.93735177830901,0.999861807567267,0.387969296607634,23.4764316704251,0.86893774407909,0.948096317239106,0.993689835580385,0.978361080132722,2.80894614521397
570,2,800,3.01775467662021,3.72916243340714,0.256983840293112,2,381,1.78729667911594,5.23463648482231,0.999991880904652,1.00804267990539,35.4041894882787,0.915400407530044,0.248398577328771,0.91082256454605,0.843001903959758,1.68235397862079
571,1,1463,3.42018834219773,4.97936320738906,0.329918099864162,2,590,2.03660986525985,4.17946781904969,0.999996103029736,0.98001483472063,5.80643839332724,0.757315946516313,0.162076150998473,0.888537076481959,0.812588399130359,2.15120057711832
572,1,29,3.89492741101815,8.38403323549438,0.115380061201022,2,1345,2.0145158183558,4.63240018587037,0.999998580464673,0.761476335994148,7.33107307604969,0.922827166913748,0.473165045492351,0.946820870750061,0.895201131525039,4.72468900960255
573,3,1685,3.32834079360826,13.0522975551852,0.202442878760592,3,372,2.26018468982135,3.8888661477355,0.999997727677341,0.799702036518995,9.15131575190085,0.831594164879435,0.769215026171878,0.977482161832536,0.945399648593795,2.92974084312934
574,1,736,3.25065283164198,5.80230684231964,0.0734846663210335,2,191,2.08993028347179,3.81962389902708,0.999999859627029,0.956007423293035,13.4450467352107,0.909781317344289,0.120355447288603,0.873550492752226,0.792715680945648,2.31949802423992
575,1,906,3.27764838679021,3.4096500778788,0.219581571833904,1,1952,1.759215172321,5.57698750780506,0.999997037092858,0.858936086857677,6.84025341379209,0.890746719978388,0.390944701852277,0.935780669407628,0.878672837651624,3.11944561932055
576,4,486,3.01262037078307,2.71862998997374,0.113793363192034,1,1357,1.99720004891333,4.8517542004466,0.99999994336817,1.13794559254508,11.8455324565189,0.897251996740749,0.171812561573461,0.891524259300519,0.816601218570698,1.788430401321
577,3,1375,3.88455417600483,3.82946972789657,0.0790296683430945,3,1206,2.15880837993903,4.09853870386089,0.999983640565636,0.959093426792759,7.49076621217615,0.925716310109636,0.975230454467237,0.996505752793579,0.985752696322847,1.72937297876979
578,2,1842,2.79205612191956,2.3784648153481,0.153415769630563,4,1659,2.34180413236268,3.43899799371093,0.99997697746211,1.03050814343956,12.1221317756658,0.911616160974548,0.0416792184114456,0.823073263521006,0.728397132794143,2.14605039622463
579,4,1137,3.22389028013756,5.45151059375179,0.152960632111961,4,1693,2.41954043920246,3.56927438466648,0.99999822314297,0.869935401131364,3.80472147717432,0.946731028398266,0.939582691527903,0.992861944601434,0.976370657340751,1.49473829925932
580,1,98,3.342530964699,5.63790458348781,0.14894078010992,2,417,2.23985471181126,4.3172700168607,0.99999514831876,1.02261859779696,5.28891255279157,0.899016475432904,0.993978260783479,0.998844072492363,0.993394776834623,4.91505628102959
581,3,1912,2.66766679299987,3.65908536621891,0.188556097879326,2,1775,1.99999526321326,5.07149819161943,0.999999963582712,0.868543836070395,10.9815926760405,0.898302717895009,0.791373552987352,0.979476738835398,0.949037570150918,2.00975777748463
582,4,1510,2.83711434052493,3.88967408726728,0.223723084770741,3,1133,2.03187391264668,5.32704258495146,0.999985335847302,1.24006839200278,3.12019844363551,0.942902132408399,0.465183384018019,0.945820625682425,0.893679780982052,3.92694264006588
583,2,1595,2.3515413594592,5.95794083999394,0.0796021410383012,3,1782,2.12956130888186,4.8743630862988,0.99999994868286,1.04788555397034,14.6014881788136,0.927692727224325,0.679626040160656,0.96915307862754,0.930868479985771,1.7092987614284
584,3,700,3.19707351723836,2.51849711329695,0.0190378651143127,4,1825,2.22836301206186,4.03007049855499,0.999965476444655,1.29939280307067,2.95163582336838,0.92255932104408,0.152423994615674,0.88541123664426,0.808408475363018,4.06258787493995
585,2,456,3.29743778078893,5.01575830650004,0.0387711236768922,4,1398,1.87334786590644,5.06370302340801,0.999990067914743,0.970754401118821,17.6262956893189,0.912011088393449,0.159190041013062,0.887620456082058,0.811360677352228,4.49797841137082
586,4,75,2.86517299582095,5.36815620866764,0.120335275391266,1,1535,2.0816429052165,4.28753389484524,0.99999993992366,0.620887713335556,12.4242180677404,0.852422280359563,0.570163600612432,0.958038308626259,0.912657072869648,3.33005342165288
587,1,1736,2.73870235602312,3.68181978632421,0.187740977729012,2,392,1.90503083988097,4.89026872663268,0.99984809233654,1.02251955418255,4.40286355669503,0.911258106466851,0.491379004903138,0.949054301664845,0.898617231416759,5.02805998535514
588,1,1310,3.75633509542266,6.44407204649595,0.33312648193314,1,927,1.83336560532686,4.8067400654995,0.999974702342986,1.01589718388604,5.93185979044569,0.941138268626939,0.0354770093690604,0.815750874259061,0.719346880842322,2.97382033641114
589,3,1829,2.62650114906954,4.79611810264747,0.0781493199607559,3,1320,1.95912953113782,4.87471706948211,0.999960384739424,0.98156403904941,4.39790119579721,0.942290972055388,0.417746849125251,0.93957271921003,0.884287662805737,3.29816722323925
590,3,1369,2.96752731435379,2.85378862916733,0.10118895946517,1,616,1.75418184780263,5.91603440131185,0.999996505467481,0.893277525023794,5.06083842226126,0.919473042935601,0.711334259016439,0.972160670725067,0.936008544842947,2.81882374027413
591,3,1111,3.2584497172186,5.7114335289041,0.087599447082487,1,542,2.24270492982265,3.73240678272871,0.999848154544957,1.00202513394643,4.34245679135638,0.784107712157852,0.568005044013262,0.957804924769029,0.912285622093896,2.28725000664762
592,3,851,2.68524501759519,6.20907821582105,0.123555607044894,2,1498,2.06807661447814,4.35361438439843,0.999987058660637,1.55676879468923,3.33754823057398,0.959677840724692,0.456355483736843,0.944698232492053,0.891978717979299,4.7981444771599
593,2,984,3.57070750636309,3.21397062889844,0.184542881265543,4,1766,1.94432004588996,4.63966132390987,0.999865570429019,0.948568247230169,12.0217469536993,0.936055204070295,0.0877126776613295,0.858043615004829,0.77256247222825,2.68335932055593
594,1,541,2.38675395355116,2.85142068852362,0.0371262050667042,2,1022,2.18959568031157,4.04092791116687,0.999998071957422,0.963918199578985,9.3193204888618,0.931060209685089,0.167272316291928,0.890150823881449,0.814753959259772,1.92803522739897
595,2,253,4.05930821751573,8.50311421308268,0.194158781809102,3,43,1.82729173578188,5.22043204157532,0.999999047662543,1.06452232157103,6.3457748420685,0.856979986891006,0.842126405332237,0.983998489065378,0.957592616643813,5.75454153991527
596,1,152,3.22024073130527,6.46158882523742,0.0685133933248961,3,351,1.97836773590787,4.36167826099177,0.999998237594906,1.16923584932103,4.61174221626049,0.953463471695444,0.558816726319492,0.95680419832714,0.91069727612796,3.0805449556704
597,1,780,2.58807263861171,5.2214605253891,0.0918276923082239,4,942,2.21850811836232,3.99278518813504,0.999962343536067,0.686812454037997,18.1533550142656,0.864242743592862,0.814024666557088,0.981499985161144,0.952807480157792,1.46091345944238
598,4,1383,2.90369869212488,3.50073713279355,0.0784540274160848,4,1507,1.87382439702132,5.50351575527606,0.999997261333653,0.865242576368042,6.67581057131278,0.86444058719193,0.304411201039329,0.921822423843683,0.858477055355733,4.92724959244129
599,4,709,3.39351024967007,5.236323235235,0.216429136037575,3,340,1.99940395348801,4.1795704149865,0.999997562199155,0.835049091178811,13.3311442661884,0.910837238599065,0.66396871721372,0.967638131421605,0.928318270153254,3.35681735413713
600,1,17,3.26698070976418,3.60823957916311,0.0625007623067476,4,1384,1.9779440425874,4.42206738169192,0.999981760759259,1.0032437678158,12.7533406859822,0.897840476952142,0.636052408255637,0.964881367175714,0.923737657676976,1.57914847414036
601,3,1932,3.77758599712219,4.95491662032275,0.124242709128292,4,1097,1.99990309114146,4.66275883167462,0.999992402196517,1.06992672473379,4.06832872151343,0.904919579266158,0.384021708974615,0.934766104267095,0.877180683093604,2.96270778294171
602,2,1810,3.94192726386978,2.89698905988991,0.321863467010175,1,1382,2.08206579713786,4.20707162260337,0.999969562790254,0.996626141211966,10.7898425316641,0.871281438699583,0.975934440968558,0.996584505920626,0.985978853566453,2.22913875224854
603,4,1079,3.22218602077323,5.490948533634,0.262778345027866,1,1036,2.09460691767173,4.28575064415669,0.999981948000984,1.16276117932338,4.04991241506002,0.93700685661543,0.277097121113911,0.91670210322693,0.851230219364794,2.56448547914359
604,2,618,3.18906733593,4.55200123295463,0.0481749576466338,3,746,2.21812917801609,4.06592405683029,0.999986518438347,0.728190977878602,13.0966468058094,0.956350010121999,0.707179553806782,0.971770830718139,0.935336123569597,2.63592809011106
605,2,1690,2.6444967300203,4.53836950472255,0.0931405155932658,1,393,2.09821329325896,4.00459578361261,0.999999585053065,0.908597971062115,7.04381156325563,0.947248051942375,0.478485425235704,0.947480185338375,0.896206789010802,2.58845795452044
606,4,495,2.66165709566963,6.37912811384508,0.0205120430765141,4,1614,2.35418880060622,3.81410487651853,0.999989713302237,0.750881384488985,8.18492466157708,0.844839706290563,0.578423345228657,0.958925510177916,0.914072754334987,2.8442536067427
607,3,1042,4.49529520841041,4.20293767890635,0.245753364782302,3,159,1.96810464465744,5.05078744238031,0.999999996349797,1.00589195386213,4.74127944149064,0.916307134559805,0.0626339798327535,0.841970856992726,0.752059202063918,2.58707781032045
608,2,1529,4.42296414675164,3.55878001957221,0.341012158605501,4,1174,1.91861380703493,4.49702303198363,0.999984777884946,0.983464080112722,10.4804257881946,0.824901297762675,0.351543778087944,0.929790469319962,0.869920567487059,2.91402625053175
609,4,306,2.35514935378931,2.53685569447455,0.0351196515111252,4,257,1.96448675030793,4.79052039600295,0.999999815665755,0.963513678853419,11.8436050120035,0.880256707305398,0.460896317847073,0.945277713004219,0.892856168409359,2.58587390470497
610,4,650,3.20705790462069,3.45351039951831,0.285554704069549,1,767,1.9706350366578,5.14104066354547,0.999989140152524,1.09418724228156,6.92015386289717,0.911903995433731,0.384115350432694,0.934779929171821,0.877200988147135,1.3470653948434
611,1,1766,3.92839798135033,4.83292992232159,0.27554649268345,3,459,1.95493168802092,4.14467934371595,0.999969361217067,1.73284647638306,2.39942749735691,0.870654715039752,0.971597381634638,0.996105635647327,0.984624478306334,1.47635653336089
612,3,579,3.170602762678,4.6075134400645,0.168191806456913,3,347,1.99001489215885,4.57362940645607,0.999992959947459,0.995842393746751,11.3507259711843,0.941074973603335,0.632767654489726,0.964551937193218,0.923195141510045,2.90311786642991
613,2,434,3.32696884568854,5.59434077124036,0.16061222888779,2,342,1.90313350753278,4.72663551739836,0.999971177027436,0.831046680103547,17.6143158027786,0.869785896161484,0.431623754557222,0.941457757840942,0.887102055550963,1.35292068797433
614,4,1910,3.00686245300138,5.09689003064208,0.221344806570414,3,260,1.9143503247012,4.61881255087412,0.999975638481908,1.0347517831347,12.3041970781979,0.889563930889488,0.0410988354124129,0.822432615588968,0.727602772254464,3.91392424199014
615,2,1095,2.52985356236155,4.11022945872962,0.138595157894772,2,1563,1.9408235710395,4.63740527197454,0.999962485161735,0.922693577013976,4.83326314094498,0.932950522328331,0.457121175015345,0.944796269985017,0.8921270487659,3.19993813857253
616,3,675,2.70294502928012,4.11990954281621,0.0598012360141149,4,816,2.20877496080467,4.81940547261536,0.999999412472478,0.785778648315961,6.82522433787968,0.893043149797962,0.64354076073505,0.965628270180783,0.924971422270367,2.81720262400058
617,1,403,3.50365746157639,4.27280781516094,0.21523708697557,1,847,2.30375689782784,3.89198108689865,0.999968561200332,1.05017702468233,12.559199674482,0.936042006744692,0.963853191817179,0.995281754247153,0.982395548306297,5.77260541353025
618,2,1078,3.73935979464322,4.47485664288409,0.235948862304217,1,317,1.99905326518095,4.83809870152354,0.999988543211112,1.04172169522953,8.20610593411242,0.867253204635271,0.352767942706123,0.929984931836717,0.870202581174047,4.15967283495603
619,1,1910,3.10806980748281,3.61226444221559,0.180254664827881,2,1283,1.84212482947058,5.06363114003257,0.999967597878681,0.858566235555485,5.90610981258749,0.877292578214158,0.882029084255919,0.987555845869267,0.9647162153748,3.0655521515425
620,4,1763,2.321795956931,3.00642767393417,0.0851202430255657,1,68,2.22589675015951,4.13652798206092,0.99999991660414,0.994146172713778,6.05106551907848,0.970259640780475,0.395950795616955,0.936505005361193,0.879740693753331,4.71785946944468
621,4,367,3.61129608615948,5.8416720108618,0.224819271494813,3,1323,2.02580330802266,4.54526009181601,0.999996686152572,1.00955990446742,3.97100665417491,0.906212819406047,0.947833026293665,0.993663950036262,0.978297863419203,2.75402856882415
622,3,729,2.60862474402387,5.86468494276665,0.025208635747051,1,373,1.95926471096172,3.99769305587321,0.999999658820149,0.78999685398778,26.0414959606163,0.896916977060204,0.00781128089874983,0.750725588301134,0.641477649710304,2.46413122896076
623,4,1114,2.99518704753894,2.65997244428304,0.215095143532657,1,777,2.12989313904129,4.39560842264715,0.999875688132819,1.12961225352967,4.57727764428375,0.829966988404339,0.721216125879437,0.973083173561926,0.937607542206465,1.16564896498975
624,2,948,3.56920660972494,4.84237194630591,0.156929556683906,1,1891,1.71509252930158,5.80180855225958,0.999999530188834,0.97141105769554,22.2383910476605,0.929341306015604,0.373148189857602,0.933141197439032,0.874799368705956,6.19144800466405
625,4,973,3.27338953138801,9.85655222348155,0.043294593435647,3,1168,2.1492501808181,4.12788449614516,0.999740677385562,0.773349071057751,17.4502052691873,0.897618659137319,0.436417593155056,0.942097436491559,0.88806078194319,2.21024982202765
626,2,579,3.00943752820133,4.51628548758073,0.203528137173988,4,1296,1.94039199978827,4.33534985235248,0.999972650033222,1.11910170221479,3.94785050003775,0.924020679071937,0.664895460708067,0.967728395177239,0.928469534902606,2.41855620280491
627,1,991,3.51665065489702,3.73779642362197,0.21828199862489,2,1714,1.96620142408258,4.58152984397207,0.999969926513717,1.10813599090581,6.18299507727631,0.909054487848788,0.729272312950343,0.973830556260645,0.938911332756895,1.9982898095716
628,2,672,3.04190646605373,5.76325343866166,0.0500002411038223,2,1280,1.75548326467253,5.07853288272097,0.999977005776677,1.31524666976214,5.10938005781715,0.901671770022285,0.632336691953242,0.964508632726222,0.92312390027741,2.87408719697513
629,1,718,2.59676031152485,2.26074913084049,0.217769730530083,2,1706,1.90852313794226,4.82309078310989,0.999976308596158,0.986560013582471,3.91712047969793,0.862154132961743,0.739354079589248,0.974760299666539,0.940544143319915,2.60888243040249
630,3,1635,2.55501658811554,4.20844252123422,0.218987854219006,4,796,2.07103001550348,4.60894130394743,0.999999600086912,0.997692212635192,11.5781924454404,0.938513604044796,0.719840824138373,0.972955172412084,0.937385005766903,1.74500089082544
631,1,1217,2.80548275669859,4.95610835790955,0.0187189917140052,1,1448,1.83967121085291,4.49820117843479,0.999997738579285,1.01027370297068,14.9499402700418,0.922510848786943,0.783803570782766,0.978797342353177,0.947790180946841,3.92612029877269
632,3,302,2.8301285334814,9.17179973207335,0.0981439229990928,3,614,2.0135474283309,4.26168208678807,0.999999564465337,0.98285763631486,4.15019803311916,0.845237494025691,0.300420132465661,0.921099830202516,0.857449540331981,3.42654574329173
633,1,1618,3.97078548198551,3.96944217420368,0.291708486661999,4,279,2.26981837028347,3.98571164763661,0.999999573333357,0.85743169267062,4.22909414879703,0.906066955549302,0.26310521713458,0.913906011751728,0.847305226979086,2.14543853439531
634,3,229,4.5951823714973,6.31190970083453,0.257165180362389,4,1970,2.26748153429147,4.21532994535588,0.999983339089423,0.904416533872517,5.44587611088321,0.897290761457122,0.87511301971972,0.986936197800512,0.963444402959016,3.37882766606405
635,3,1851,2.61088073567862,4.69973490166637,0.0408284035580142,4,309,2.33615957937152,3.69509133567144,0.999957224226603,0.726832507890634,5.51353869095179,0.8570173825909,0.230099420063198,0.906752447120618,0.837359898354756,3.49989128733615
636,2,1430,2.8576638789293,3.99011630240637,0.0853559244717568,4,1675,1.97949149592995,4.26752030267314,0.999905114557016,1.18155387624308,7.66999627442261,0.92104726662864,0.972451214212924,0.996198777362012,0.984884153621086,3.8355626728444
637,1,855,2.76031220594281,2.71707835615887,0.110068931854519,2,1079,2.02519959627658,3.93851535862686,0.999997299905384,0.871410947854972,4.65293853158217,0.918286939315146,0.928037927718833,0.991764293998288,0.973820121641615,2.60206499212907
638,4,1374,3.11430401476881,2.75920799262583,0.163136359939085,2,1851,1.87342977575855,4.3651391515908,0.999895165093713,0.664605369063812,11.0110831848969,0.957051116403188,0.315369045827538,0.923765023513871,0.86124756075619,2.79714986050226
639,2,415,2.44930224117711,3.58991215570985,0.0368763181011211,4,487,2.22465078752484,3.45323819394588,0.999952666582397,0.903281661947755,5.11539814747097,0.894709063306785,0.524912893772125,0.953002698583947,0.904725242617897,2.18395198986059
640,4,606,3.04297317289535,7.54012687248292,0.127749645662813,4,1770,1.99854183319448,4.69293875303563,0.999964282228676,1.01760824117219,25.2451751631342,0.883803134716934,0.0319013346452266,0.81096799894641,0.713469042334309,1.30455633925914
641,3,872,2.72514676864894,4.82643292256763,0.0160235061722946,3,487,2.083503058312,4.51278145091762,0.999890251003043,0.89550957687871,4.77509865089415,0.895068377157318,0.774187591858208,0.977931386411275,0.946212713255502,1.73161324520206
642,3,977,3.25069237753532,15.9584899496773,0.114925255793173,3,375,2.10594118638457,3.93300527455444,0.999988232467595,0.856585895731192,6.79077233610934,0.888768873605648,0.759462164016441,0.976597969852132,0.943809358950513,1.07822427960846
643,1,67,5.08641708207092,3.47832227439755,0.382616422287372,3,105,1.99735154465262,4.37285067794074,0.99998072734348,0.958343494235947,5.61030185206128,0.852592559209512,0.758781987708062,0.976536142611606,0.943698641629601,4.87145912393603
644,4,95,3.00522207410029,3.35734454975134,0.019943164821831,2,1646,2.11614925941166,4.30538667483514,0.999898104930029,1.01973519020624,6.91103354567372,0.827745139571886,0.781892068916932,0.978625477870909,0.947476015033372,2.72640789451249
645,3,422,3.29803210680808,3.26243685460354,0.123579541829648,1,1174,2.0325882115716,4.38836943394406,0.999987617824748,0.995689572142914,10.1100000217081,0.868845212090655,0.558752276701853,0.956797136594337,0.91068609279971,2.52930089905995
646,4,1593,3.77729036166486,3.11493792453547,0.313222593713918,3,206,1.9868178090371,4.31534129442099,0.999999954179133,1.14691765802896,4.16875565509254,0.892596133769327,0.122950609074906,0.874611312971134,0.794108922562983,2.45659449969891
647,3,219,2.8611632959474,3.42190172000737,0.0571337988835298,4,1681,1.95353985395836,4.68349239022074,0.999998327590884,0.940690591702512,7.88406423255055,0.891895380807583,0.18375545181334,0.894986769867155,0.821275760901818,1.75417606691139
648,3,760,3.21395002989643,4.85271993571991,0.14982760853505,1,1655,1.94029616643736,4.51316068435516,0.999937551194309,0.884975345502552,8.89275227788217,0.939189085869026,0.515560345491394,0.951921521892914,0.903043551678893,1.78010800058731
649,1,229,4.16250646324592,8.49001907270983,0.221744553379653,4,780,2.29092092110801,3.56011311297907,0.999909206388603,0.879268115799789,8.56396454808802,0.875842858056117,0.261629613116384,0.913603574996366,0.846881995907069,1.95780732664379
650,1,112,2.32262838960886,7.49844916611871,0.110986237789614,1,804,1.93833786020063,4.25219289168533,0.999946035987752,1.15953839308134,3.45155833105171,0.896226009145604,0.836086306255311,0.983461875278426,0.956551509436918,3.43276909164125
651,1,1422,2.94310315912994,9.65975148422023,0.0577277939268728,2,692,2.15620198340585,4.24275497728257,0.999992923101264,0.909814717500096,8.5406759737813,0.864717748640473,0.225615383591503,0.905711438854403,0.835923593112239,2.0219794939995
652,4,232,2.99215472396411,3.49200052609179,0.0600299924318018,4,573,2.17891879199533,4.02517580983022,0.999896108684345,0.905770818828045,10.2679133012776,0.91376424340156,0.56154080433771,0.957102130790951,0.911169414372519,3.0028389459592
653,2,646,3.35159119684483,8.00909558335769,0.151399494483464,2,640,1.86919036055687,4.44815862177407,0.999999980277782,0.894896087950093,4.71965154954147,0.952655908899684,0.538551857229322,0.954553466208435,0.907150046619011,3.2713092674297
654,3,54,3.3909521980036,7.50546548189508,0.213914218313698,1,900,1.95196955428093,5.10015786557737,0.999999987420199,0.92233079232112,10.3618451121176,0.849129810712952,0.980063845170662,0.997055833288009,0.987364335700472,3.68476594635387
655,4,96,2.75812888523601,4.69582194935214,0.0590075037049298,1,1492,1.98922332835294,4.34460503117424,0.999987993783285,0.697631963446589,7.7373930654106,0.890709611556473,0.000288663199171424,0.628327185518213,0.504840830205483,1.38251871795207
656,4,437,2.94106458640409,3.92042350734932,0.212508210756797,1,933,1.90425380497556,4.88843509360934,0.999998040985955,0.945342046861266,10.2975658768036,0.91924977586405,0.488338301656768,0.948686030696674,0.898052087787906,2.91038357877317
657,2,333,3.01864701839436,4.66690164142795,0.0763978390877889,1,360,1.956389863638,4.92054951627501,0.999937727149409,0.88111902039339,7.13437778544269,0.930655808923422,0.890755681553856,0.98834095072236,0.966349412150481,2.24262446768536
658,1,1017,2.84529971218436,4.67107217247279,0.150120462203513,1,128,2.27402505589641,3.67039770320022,0.999966866952815,1.0490584018225,3.52052039853977,0.941544757536748,0.154382499866188,0.886059697881707,0.809274028683019,1.49697396350319
659,1,1014,3.22109548223969,6.34732779378062,0.0525584883948065,1,235,2.36034943111519,3.76211165756694,0.999893306399508,1.35287826026705,3.00133106191905,0.85125511407797,0.587035825708881,0.959840994888848,0.915539717972328,2.21648539568584
660,1,1086,3.55330307602777,5.31081206430596,0.081704039335767,1,269,1.90305713947458,4.33481199644193,0.999995489210938,1.03024949768691,8.28127340420574,0.84367531410622,0.67095112381503,0.968316338731186,0.929456904907546,3.37277623884859
661,1,966,3.11235855761304,7.3785696464643,0.0843965288138331,4,1475,2.19388032141929,4.0275133065076,0.999985056913625,0.962443969182607,6.8715901307559,0.957975567713814,0.208250628085807,0.901498190320189,0.830137377229789,2.4366417151666
662,4,891,2.37308017377435,3.21321035317313,0.0510099937107949,1,842,2.00555580772808,4.73364335794637,0.999832950290586,0.948884674939456,6.80513805417425,0.930988160897805,0.0737315304577351,0.849703234551116,0.761876998838242,2.5122894164369
663,1,1489,2.51463545974982,3.42920945619665,0.024671556949665,4,1692,2.3384828441023,3.38745877838609,0.999893153077403,0.994453294779026,4.58818065727093,0.928342537633816,0.868749545188621,0.9863676329979,0.962289854012074,1.42764954882051
664,3,1628,2.96413990496479,6.83239182443418,0.0802755203603925,1,1762,2.01189817255036,4.70438020729752,0.999936877650481,0.783549499147167,4.52463315723831,0.84181003853471,0.641691704979166,0.965444365463318,0.924667153608694,1.44882991285262
665,3,1001,3.58401604506096,4.75723649568027,0.235218488966406,1,618,2.1635121627554,3.83282884029664,0.999995549745539,1.06600282793704,5.41883765132804,0.923645434938986,0.816191973397508,0.981692984181573,0.953171716819862,4.30676352600311
666,2,1396,3.9717070828034,6.87321905233207,0.179013819214012,4,1386,1.83455975796876,4.77626609454405,0.999932966715345,1.13158431278053,7.89267122192069,0.876871071188941,0.698272451758385,0.970930914184231,0.933893806686792,1.28867501660329
667,4,1111,3.24925519083711,4.77556616840535,0.134399148416046,2,1443,1.72380488714346,4.90646670585855,0.999974026034497,1.0185253092611,23.166576558194,0.947153802047916,0.850593191804364,0.984750905214606,0.959065909918647,3.59867627626098
668,3,1848,3.06123960618998,5.41724868008906,0.188260820614004,2,1040,1.88525606451132,5.43309309852576,0.999749137459164,0.864168581021201,8.18628379137354,0.936343030042683,0.772257297299802,0.977757123560914,0.945896892195591,1.80054862867775
669,3,1951,3.30846604360139,5.72379503016956,0.140670181060352,2,1737,1.77279969991023,5.18106710994878,0.999998601855995,1.21906322954627,3.29536356147496,0.901523076921434,0.152230389881879,0.885346725078109,0.808322411311612,1.59187813362293
670,4,1707,2.7131218605046,8.52016886255094,0.128863718962295,3,779,2.24421554267844,4.08624082506444,0.999998335696112,0.977255115814423,8.7833271168993,0.955962096818502,0.695268237031996,0.970646305077097,0.933407014489331,2.82787217174551
671,4,1213,2.62804107331223,6.95103754254947,0.0966399907239907,4,1987,2.05525444087817,4.19242765568408,0.999999772602029,0.837847642930002,8.23993612054447,0.906531088649564,0.857466469053179,0.985362222956679,0.960275199642278,4.56009461679324
672,3,1062,3.00664636183522,7.27560774408987,0.136191903607808,4,1578,1.87530982376499,4.60595139043095,0.999945964209419,1.08794488832425,5.21539350553702,0.934926830913852,0.231236340012401,0.907013530080522,0.837720544431536,2.56747851607207
673,2,163,3.39060527791222,6.9983480075614,0.235077284117974,2,1546,2.17501074157958,4.31084282230094,0.99995311455304,0.978711362741796,12.4191898791778,0.854445425187946,0.175577443325892,0.892638559529946,0.818102813755824,1.76260529190698
674,3,1525,3.0211287678785,4.06719096615963,0.243950168707207,3,1588,2.00070612015308,4.63098205883925,0.999977917930518,0.57963984067914,21.9968637072343,0.966565662772225,0.0376209798268974,0.818407901498684,0.722623586949422,4.43788359688513
675,3,634,3.05401476138053,4.5764295932415,0.125374018288967,3,677,2.15780726713058,4.12669397761673,0.999996175542355,1.00983342915293,18.1846883653925,0.919117713261549,0.713956080609933,0.972406064536926,0.936432809481731,2.97546995539907
676,2,546,3.19344445776285,4.39687418238679,0.355945610110574,2,810,2.11517771253002,4.24778014550931,0.999942827893612,0.797300278535122,150.260615336486,0.902073028897439,0.449211543658748,0.943777099079306,0.890587356379599,1.69031059555666
677,1,1522,3.23838589906974,5.49606395168445,0.125794769208055,3,1322,2.13797039387047,3.97781956289503,0.999957318544408,0.991207819946048,8.32712801571529,0.848395652351606,0.601871848804876,0.96139605339816,0.918046406919688,3.9549921787536
678,3,1874,3.0593376495835,5.92784854070449,0.0113604286203383,1,801,2.14406628236374,3.91928220763945,0.999999946140768,0.89145188646028,8.97236124232877,0.763613074234346,0.576821721158922,0.958754190609702,0.913798933119257,3.09162756511667
679,1,1758,3.51644583104486,3.94563287960959,0.174145424406317,3,1019,1.74015330757866,5.55556155296099,0.999989492914547,0.905285464058384,5.64512762149214,0.906009163354628,0.214717786759138,0.90310267660015,0.832335872419208,2.36099210683536
680,2,195,3.73076934554852,7.49398748157418,0.0614614566507195,1,521,1.75064061030619,5.65030228774432,0.99999638988672,1.4188176867298,3.63121609217309,0.913395471123276,0.0556553131900728,0.836431105733864,0.745075296680639,1.82472722331463
681,3,336,3.20670918577645,6.46794768019486,0.0718585606123575,3,332,1.81247634733461,4.98803312778406,0.999994733110492,0.984285957958036,10.2846370678685,0.900499295142136,0.858190165599808,0.985426629938057,0.960403277137575,1.58799545621103
682,1,1830,2.54133302654853,3.17611248616331,0.0524941605034361,1,865,1.92529796164076,5.10454505259545,0.999881580630618,1.40013915895351,3.15489724582893,0.927967862504581,0.188470746623352,0.896298350676139,0.82305314973852,1.94650584298986
683,1,1229,4.46610410443687,1.99599418131023,0.430128434419776,3,1415,2.13179407409356,4.14612316821136,0.999999983676923,1.0758080089947,7.15847355911359,0.883975140605101,0.793798891594633,0.979694021716373,0.949438391382626,2.75902867688109
684,3,1123,2.2250532427438,3.8590318022644,0.0935560671938272,2,634,1.89786900282918,4.77409675194579,0.999998754943552,1.06302400102096,6.47672540779822,0.881784252924365,0.782288363436237,0.978661119728011,0.947541122826339,2.66897620385066
685,1,1729,3.38464767576997,2.69524428792315,0.074385108607905,4,1001,2.055103258816,4.67000922118115,0.999924304816781,1.04952146019486,10.4120672244466,0.948533298734628,0.935747972223908,0.992494518339842,0.975506503862979,3.30145596181635
686,2,1996,3.4166165094733,3.78153874695283,0.155728406035259,1,1924,1.83241905778103,4.75758200998808,0.999945150882227,0.474703514603367,16.0620856407442,0.909228090998911,0.867511010495946,0.986257118642975,0.962066757009139,3.96918686442632
687,2,871,3.83004994740585,3.51196252520225,0.247041903300635,3,1703,2.07471195674288,4.36085854234408,0.999999207744598,0.592487202895064,20.7109866313635,0.836444588473095,0.885964563814923,0.987909409831017,0.965448583214101,2.31762020763998
688,2,1911,2.80832684471919,5.16411771631813,0.152454467570815,1,1025,2.26526381321428,3.51226040770245,0.999987431222978,0.619540892766911,13.3844451417987,0.924285841626428,0.906270696083084,0.989748954841001,0.969346552936905,2.97978301270038
689,2,1963,2.90320358180414,5.38479346284239,0.0799876762571382,1,698,2.3616763992655,3.74623452982011,0.999933933113636,1.00437803513306,6.74000851615181,0.858079166091026,0.101515042362735,0.865155007401585,0.781756501675192,1.87201307760792
690,1,1069,3.9625979277306,5.47587518533854,0.13985733440769,4,1608,2.15938576378636,4.43901909010633,0.999999934286314,1.07478084912241,15.5068476301522,0.854098192826953,0.0887886364944279,0.858633640496665,0.773322314624253,2.1113119093609
691,4,1150,3.3717917844906,5.57817965457955,0.178193751078901,2,737,2.3312176128209,3.92436713286817,0.999990166935744,1.03547310184949,21.9592596108939,0.924318017951467,0.565068234223872,0.957486360001321,0.91177922916026,1.66567416175438
692,3,533,3.52652971340246,6.36989303239433,0.26682611075766,1,1230,1.79008772185059,5.02884336899133,0.999974055964617,0.717865895623047,22.0739456129064,0.810214662323314,0.946611916413531,0.993544148619984,0.978006154613706,1.49218169773609
693,2,262,3.41725342023853,3.93016681664965,0.0699281179296312,4,325,2.06383393901749,3.85613690688864,0.999997842771834,1.03270492246911,12.9081559786746,0.817493660469087,0.197350857546553,0.898690424560615,0.826304512469399,4.76891938921804
694,2,494,3.57586362864832,5.28185551226271,0.233591111482386,4,1738,2.01881356197734,4.56053369744795,0.999999896375843,0.919576170623685,5.58360028805938,0.918508551278146,0.176487021148205,0.892904540026417,0.818461624628871,1.68318877769813
695,3,1020,3.21713856139369,4.931341006729,0.150199058940644,1,1666,2.37448561802238,4.14918074995579,0.999986662555411,1.14586630736234,6.23080560615269,0.909698351374916,0.157985419267789,0.88723342222703,0.810842786104031,1.91232942500155
696,2,1106,3.68384746381365,7.75695892477361,0.160416260381604,2,1643,2.03633723132984,4.40554786465881,0.999954143716817,1.1530206084582,4.11674194070098,0.925258224556925,0.604166247649118,0.961634152426788,0.918431918858813,1.66491872907449
697,4,819,3.35194450142302,5.53701260901079,0.18546407249652,1,1007,1.77912900749838,5.46073874827587,0.999999916841166,0.968728951432257,5.81761728830051,0.853562321410809,0.279695729725063,0.917207735345571,0.851942377384471,1.48598162432984
698,1,355,3.25212498427488,3.54239352780039,0.133234992680837,3,100,1.95659374367994,4.53958196345387,0.99993748059695,0.95535993394688,4.97581113218747,0.811088542539033,0.356089949142188,0.930509769029225,0.870964395815226,3.01289577744698
699,3,642,3.38991731712664,6.29732977318375,0.170292003403761,2,1619,2.28236579239434,4.23064288333488,0.999995305716352,1.11625240122214,5.72434664539369,0.885103399882971,0.74406874878332,0.97519308709782,0.94130848252461,2.8291921488216
700,2,1357,2.86155468135726,5.86833662680844,0.0643446427619444,1,607,2.28197820674667,4.19516587060604,0.999969991084128,0.390091039758552,14.6777852670363,0.912066752620496,0.197042093612254,0.898608885168401,0.826193472009186,1.75906690619663
701,4,323,3.6423030946572,3.90437140525398,0.0896581848181768,2,1718,2.06274121138552,4.17831673306359,0.999992354204754,1.0212458544696,6.59110995138153,0.894111003775344,0.664617581292987,0.967701338104112,0.92842418355361,3.41272546300284
702,3,1329,2.89895610953326,5.51853865274123,0.0694340894123212,4,1328,2.0457790198833,4.36093515493705,0.99999754297402,1.12272046172829,8.96078134586144,0.961386351030888,0.101367330178618,0.865083722869185,0.78166394564847,2.88100547013671
703,2,1222,3.20339177351454,4.77478792039753,0.121065757841774,3,1530,2.19038044163418,3.87323222280086,0.999989515724493,0.897007360346172,10.7462270044843,0.889821831536584,0.265591107308865,0.914412161599936,0.84801410142342,1.86784242620573
704,3,1284,2.90405337841635,5.43036186619725,0.074937597479629,1,1696,2.03274941718428,4.19242657144028,0.999974474783789,1.01851047052531,12.9061724127252,0.897163053122544,0.296566735953093,0.92039421654639,0.856447730182912,2.12248333527009
705,1,1226,3.40546022018405,3.28470553852354,0.22618097604695,1,835,1.90829515739906,5.33258119762169,0.999999256314491,1.04717223309935,4.20787824292201,0.911782661589986,0.446438501589,0.943416359612451,0.890043590593524,1.98080178692923
706,1,1926,3.86929534949576,7.59427768761805,0.24242170287812,1,1967,2.53002563921461,3.66817594295697,0.999955628655953,0.394202616017102,11.1181815974806,0.894862364305472,0.246101287659258,0.910326447905473,0.842311890908255,5.57960733686847
707,4,817,3.08308492504907,5.04577873551537,0.149199451080523,1,1515,1.86983633610087,5.43706247811519,0.999991726451263,1.05912998539712,8.40260265877231,0.937392730056824,0.865042529767379,0.98603698040975,0.961623599830358,2.30394105309858
708,2,636,3.21420604977357,3.44907656194491,0.160857788447838,1,1308,1.88113080913087,5.08595308331636,0.99995301110206,0.900291832309301,5.52977164291295,0.955621921677391,0.359163770684972,0.930991707587994,0.87166482853027,2.24477198354638
709,1,579,3.08936100975929,4.93302208063957,0.103452154242724,3,1230,2.023808973711,4.13005106418984,0.99999238782486,1.38055795964696,3.49488718764734,0.815771667743623,0.689972517779097,0.970142931064388,0.932548395237401,1.82333525672197
710,3,1529,3.42013469477606,6.84730753371346,0.169877283934458,3,1706,1.88311721220779,4.5482661692155,0.999970871978956,1.05177846603525,4.74234771515124,0.926476994008408,0.458508505485952,0.944973565367759,0.892395418276631,2.33242585752588
711,1,873,3.1009854330841,6.59681101644244,0.269295289858425,4,1876,2.13699758675354,4.38011975476951,0.999827991391939,0.996209054962096,4.31100708537892,0.930777579345856,0.402920962776989,0.937500931294951,0.881212479787248,3.49075975805794
712,1,1026,3.02294012191554,2.03376699671868,0.150001956371946,1,1960,1.96155779105458,4.7482902837586,0.999953857232875,0.973388031822449,11.6364043609062,0.951968920176513,0.605356059037149,0.961757378372478,0.918631619005099,1.32435033456425
713,3,1008,3.40157352310977,3.96211902527905,0.284863863044014,1,1188,1.80730442838574,5.18377527412362,0.999974619057883,0.736818940980282,5.21643799344224,0.8933401594512,0.340736974263564,0.928048292008696,0.867400049734962,2.95872373001984
714,4,1051,4.17831950189971,7.77702058845303,0.334160042869774,2,615,1.93475424189142,4.6201820640661,0.999946320802213,0.8938526300497,10.8244364904182,0.920744437079894,0.415212604217231,0.939222929200743,0.883767161838211,2.33348373109711
715,4,919,2.73616849454779,5.86699755135603,0.182310053225662,3,724,2.17982010333514,4.29912729683693,0.999988086417734,1.07331906099894,5.40839650858555,0.867376530311475,0.833475435851142,0.983229906465302,0.956103831552569,3.01835957341304
716,1,1495,3.15741412813221,2.94600440491188,0.150261572703503,3,1169,2.20598538865164,3.92912793150308,0.999999263901546,0.831189304009348,7.93049548790922,0.965579491785722,0.107031464809552,0.867751438179244,0.785133315897295,2.98121919581322
717,3,1419,2.26453164561709,3.2911395370656,0.0793895195566502,2,268,2.03129218671627,4.72329533584321,0.999966505189356,1.31073936947615,3.50613846077183,0.935604727777049,0.464293456170708,0.945708255621079,0.893509189944097,1.91543297058603
718,1,187,3.8972849385598,7.85192341681529,0.152769361128612,4,418,2.01409769594475,4.38613479971831,0.99997075225684,1.81865336561922,1.96405602745707,0.850145981517666,0.752295742509887,0.975945422797065,0.942643901175251,2.98315067390939
719,2,1978,3.88544563043104,2.81575778341016,0.155727597582723,4,1938,2.2530796432739,3.82498702888235,0.999987018605973,1.13356903001556,4.40165486747415,0.918549433759309,0.698942955117673,0.970994343074218,0.934002427074944,1.32950034857257
720,2,1160,2.85659389662254,8.08632642784047,0.0588979166021462,1,1283,2.04058541381504,4.33228440348798,0.999999040617433,0.931051179972121,4.9482878048765,0.84711945329714,0.780037159798667,0.97845857539269,0.947171441712645,1.63250346953529
721,1,1534,3.37869977161586,3.98345624017493,0.117078898306684,4,1887,2.86641559680623,3.36418925070085,0.999998578657317,1.00558389231234,3.96227272777307,0.865817807210846,0.61671781539917,0.962925821769421,0.920531485409968,2.17847721025824
722,1,325,3.39192472963249,5.3524526053603,0.0866256936755865,4,1918,2.13416277210697,4.25802373179732,0.999999022152306,1.04156704278287,6.22500385114131,0.870207824997257,0.869042818434536,0.98639380818731,0.962342755912679,2.10834512466135
723,4,1390,4.72439993104613,4.91904321958622,0.335843334529787,1,1100,2.10973352131038,4.32013044017588,0.999942622496327,1.01972446380293,12.1845788134668,0.915647814573314,0.12885073502548,0.876949129020158,0.797186284236776,3.16806274134298
724,1,1708,3.56748316806204,7.40008049577553,0.131334928802426,2,543,2.04095870157006,4.98716187233505,0.999980711532448,1.33111065759064,3.75896937272456,0.906219465155328,0.721641250886023,0.973122715729722,0.937676332545154,1.4917727838213
725,4,1721,4.37450629747541,5.57539275894489,0.324745546182808,3,825,1.85157769509044,5.64516512963505,0.999999672110427,0.983654792093164,8.35995803475925,0.88495471257109,0.782129554310814,0.97864683746458,0.947515030269916,4.85292417192475
726,3,322,2.94337113886118,3.85641974947841,0.107706036278758,3,1163,2.24270311901632,4.31060392440149,0.999994982989186,1.00485926475988,7.68060579517753,0.950124011819228,0.0333006146829575,0.812896375720402,0.715835747343432,3.48570336857013
727,4,945,2.74224367513487,5.24204535878754,0.0640108419419222,3,1023,2.67226097386914,3.49173298710672,0.99994503583949,0.616873372920643,8.35076418230912,0.897686881005807,0.812136369291693,0.981331764325014,0.952490692705758,3.43823110351238
728,3,1706,4.09258875067171,5.46937820959031,0.175238702751107,3,301,1.89004556587684,5.60384158085572,0.999805413573024,1.02389188406763,11.8266591425038,0.916130032824562,0.586768775712699,0.959812751992326,0.915494366552113,2.31798457754321
729,1,683,4.64554559968911,6.1026953465848,0.36101956491852,1,1101,1.82976754442006,5.07164393875216,0.999996364339981,0.946845580187402,7.74274673169371,0.904465453640578,0.25448518525809,0.912117705925149,0.844806302500306,1.65152732629468
730,1,1879,3.84430639391761,8.50408544970304,0.146828719316202,4,924,2.35984085609247,3.59745432163035,0.999977330537616,0.883944151311697,5.5413035087021,0.860411470439593,0.878778175916523,0.987264330899734,0.964116073187198,2.63025679173431
731,3,1765,4.14511114069893,7.1758321035087,0.290751461697152,4,171,2.23852133637686,4.2886847967156,0.99999976785469,0.954883739457148,5.81703105308024,0.818767714102814,0.773346254834905,0.977855450892755,0.946075027766801,2.00052723382012
732,1,1979,3.25677158381968,3.6339814684141,0.118658461746616,2,1863,2.30755648277664,3.98310787960318,0.999979076930403,0.403721112760944,11.7508759270087,0.878298106524027,0.573570342035964,0.958405349970328,0.913242049655606,2.10149658575105
733,2,745,3.25570050127425,4.31524967976319,0.147365045888647,2,598,1.90913295110365,4.63138305424849,0.999883909043277,1.15429564735522,4.79163068087149,0.907712225638274,0.165792183950543,0.889695808057009,0.814142818911666,1.64411054622253
734,1,916,3.24860351236019,2.87172100030824,0.117146899456803,4,928,1.89013669346203,4.97299768247728,0.999951693611473,1.04537229500104,3.64587590245984,0.906337900463579,0.686355224112049,0.969797839519185,0.931961464156177,3.56760942713844
735,1,406,2.69808580340137,4.12546705957592,0.0472328095074633,2,1274,1.97011883319062,4.50314699805722,0.999853254583616,1.1726373963404,4.98951452522905,0.956283082424313,0.293853614479303,0.919892610763523,0.855736491934469,4.8119569314936
736,2,1344,2.832604546618,5.31198578911247,0.0624843832799444,2,758,1.89820887270461,4.96655116196532,0.999999733766372,0.856588293331489,9.9233819630837,0.970828030049496,0.389126489171758,0.935515673956891,0.878282700480832,3.27331490550229
737,2,1211,2.22323351724611,6.334258833154,0.121413782808008,1,1338,2.49772877045193,3.67135253686635,0.999999591057434,0.674561919630621,7.41279376603042,0.832361925193522,0.98599161230959,0.997768227565378,0.989585004431173,3.29860878085608
738,4,613,2.51631890539629,3.46230494036456,0.156733310113969,1,1220,2.63561955220348,3.44937522087209,0.999977482937008,0.990780506910638,22.5652764688489,0.895716959366913,0.686628743307665,0.969823969610894,0.932005858356657,3.28037908737482
739,4,982,3.51340586001398,5.8989048286297,0.0964666461528595,3,1121,1.79075157727488,4.8782631651713,0.99999727661213,1.1508467722223,3.56135225244647,0.87623365957293,0.614064381457865,0.962654262609309,0.920088908455078,4.19764939126864
740,1,837,3.54687524473271,9.46782082435442,0.241924391131823,2,373,2.07937711123353,4.32768949556538,0.999976672897824,0.894524747597094,3.64303756230275,0.904562369577268,0.930980334058404,0.992041731393252,0.974456206750092,1.04739798651495
741,2,727,2.63941420096417,6.3949087579326,0.05607858425967,2,1183,2.06722789418887,4.39908357768077,0.999999900762848,0.877560806125112,13.7174857681934,0.816502939550079,0.994291253387928,0.99889098141911,0.993580572739654,4.54968724879578
742,1,620,3.00962319549069,4.07363010535137,0.0336294468832313,4,704,2.52887162096851,3.77496103451253,0.999962238032381,0.829289959941112,5.05574018787626,0.868692486105604,0.446363857248798,0.943406624270194,0.890028924586504,2.39323333771557
743,1,634,3.34663774324424,6.38747773705467,0.203376381482718,3,151,1.86380201083273,4.42266984254021,0.999869214654223,0.945273968332133,4.81910792904183,0.920893470576928,0.60288894828409,0.961501679155552,0.91821737113129,4.17091567205388
744,3,1040,2.96755776680295,6.91545427387217,0.0914862146128056,3,684,1.88129833532191,4.64169436910376,0.999994412975348,0.835722827474076,6.45300233102201,0.862671711597643,0.178547406801954,0.893502508647005,0.819268836007473,3.23572111256275
745,1,1306,3.5593562961838,3.50307910749739,0.274443499130725,3,1548,1.64557169324654,6.02072440667172,0.999963725830839,0.746168967167141,7.29395485174699,0.891091271207908,0.285522097488865,0.918326669891646,0.853520993425456,1.77632915468862
746,2,1734,3.39893911942554,5.96643410131265,0.070817549688368,4,869,2.03366800798173,4.30262176649402,0.999930285617733,0.650205245768003,23.9502916127515,0.881268184068184,0.46526376134716,0.945830766366481,0.893695178905878,4.62280647472156
747,1,1003,2.70646699452077,4.92813313389043,0.192292584888615,1,1065,1.78631891032301,5.2694176226041,0.999999551471427,0.723572049686385,11.8698318146006,0.86718797425804,0.395485502900556,0.936438004571033,0.879641827239069,2.09895546854261
748,3,1134,4.12032537643614,5.02350897250897,0.122385417019763,4,1624,2.08427721465607,4.05047741170328,0.999946504001826,1.00313821919535,4.46088864765101,0.839999896638385,0.0201292228884995,0.790635965647729,0.688763644080036,2.73507710471711
749,3,1677,3.05185953033639,3.70385477481698,0.101436421573195,4,1515,2.13396766577428,4.19321409902012,0.999965538399027,1.02108367797874,7.3889653115945,0.773716634989308,0.323283458594233,0.925132167102188,0.863204658935346,1.30010943927422
750,1,833,2.98767718888296,2.51925888466376,0.14362142308939,2,1307,2.32804158637559,3.98748553632586,0.999997971012003,0.780688779340339,12.259954559902,0.835292513417457,0.196633062558249,0.898500690565979,0.82604615555447,2.24003922328812
751,1,1280,3.63142601656282,2.96666230766224,0.195017144843907,4,1865,2.06839446271223,4.49552783426732,0.999999762035477,0.700521362371183,8.08428070376941,0.946336715735539,0.0136848359834403,0.774072096219257,0.668953445995925,2.83120217288228
752,1,533,3.19893556573681,9.00929919667038,0.234218189849715,4,1971,2.21779479295923,3.89454817287194,0.999931349837663,0.99621648163935,17.8166767839346,0.906266528717994,0.618673423305154,0.963125458785097,0.920857249736029,4.1867061252175
753,3,1959,4.04217111291408,5.17230626474854,0.272093484869934,3,669,1.94356057998926,4.40369298563405,0.999997571858375,1.16514844938152,6.03888916075261,0.89828983466345,0.275975098833442,0.916482499729546,0.850921148729497,2.11846863074437
754,2,657,2.58910244992903,3.83437722675382,0.0357321387211699,2,1811,1.95457566096225,4.82980415892106,0.999998085678594,0.702061017823756,5.2309807558524,0.89281174396945,0.924658614443615,0.991447371812447,0.973100046749014,2.20978634979566
755,1,1101,2.46078271999227,4.47824180174493,0.0998815835110836,3,840,2.23897353144471,3.89603084477524,0.999968935734379,0.898833617583544,5.05678521515969,0.88887447096041,0.987307698698714,0.997934024388661,0.990129340032961,6.99982394835608
756,2,645,3.99171412073053,3.96435261852877,0.363578306842837,2,1354,2.2643551427899,4.25776022375118,0.999886408497419,1.11608368347608,4.01042793967195,0.950162450584223,0.549596253084019,0.955787759736804,0.909091119363278,1.96244973456339
757,4,1113,2.96176272914197,6.65936433869258,0.0879442812128994,4,1062,1.92407073288123,5.36929204944269,0.999960614252042,1.07750464016623,9.57260342102252,0.864383707448529,0.468375941272825,0.946222338795074,0.894290157080619,1.62313236749792
758,4,974,2.31081827403086,3.10560055529498,0.0284579060842918,1,456,1.92312275823228,5.21755145685906,0.999961908452135,1.16570963774012,5.20846564604044,0.937373142554219,0.437875179341063,0.942290798434537,0.888350959894711,3.34624127520055
759,2,802,3.31710733792648,4.90777793620268,0.0599600332928326,3,460,2.03166172445934,4.72932129806977,0.9999651112146,1.25216819949006,3.76844598497322,0.949334658140849,0.439815906109288,0.942547442495836,0.888736375876035,2.06361853608238
760,3,952,2.69644288267554,2.72815417355011,0.0496589821728103,3,1628,2.14123219104707,4.27254671944572,0.999993034121425,0.870697940155635,5.45406522350432,0.949129483823426,0.913201422430575,0.99038457837435,0.970731882280504,1.63269283092459
761,2,1874,3.04053313105232,7.30935730421084,0.199789531737116,2,1791,2.31311965776789,3.7298466509713,0.99999906785724,0.442184520580756,16.3962831364778,0.828088098680262,0.649403603281826,0.966209156949429,0.925934623025677,1.84856827853142
762,1,1849,2.48322893312981,8.19842041524196,0.0945722070873506,3,719,2.15169460257988,4.16574931139529,0.999998564897739,1.01262024986826,9.21962105693368,0.918328904679407,0.997488633496687,0.999412746146489,0.995849822920026,1.8149605807264
763,2,968,3.14251858012895,3.40881692876462,0.106229096209136,2,1511,2.00569106153106,4.47298961070369,0.999966150469114,1.18123250220399,4.90182125315068,0.857803592108314,0.999676174949855,0.999878961053425,0.998582472185823,1.33915581967171
764,3,924,2.59890787948019,3.9451086507778,0.0999814320567438,3,238,2.03413440267333,4.34833975422363,0.999997658548304,1.11759829397472,6.14411135411588,0.918427543731892,0.787731961579993,0.979150147474162,0.948436839284227,2.17168941002252
765,1,793,3.55102554728217,4.45085378135406,0.0888175256161155,4,30,1.57773425682343,6.24558463251766,0.999998835297839,0.761410511346146,64.9637943661183,0.899379745193467,0.770457227015868,0.977594479270656,0.945602606485678,4.07528688575427
766,3,804,3.01531876766626,7.844911323002,0.169009436469981,3,583,1.75340066702085,5.83431445582097,0.999946665893239,0.866184178041297,9.00484199257027,0.947910396292204,0.183277442120016,0.894852126950181,0.821093510476998,2.56087019461952
767,1,559,2.93577874454426,5.35067063598164,0.12920409796693,1,1135,1.93898593738253,4.50270470636373,0.999997925962252,0.76209455882268,132.876424208235,0.981161583143626,0.735527801094577,0.974408140902144,0.939924228654023,3.51983819653681
768,3,563,2.26391083709019,2.89603782470151,0.038820010850339,4,891,2.19425648408165,4.15809080017322,0.999996703951965,1.04854561677335,9.45268718545954,0.915514671913811,0.679648290853947,0.969155216691557,0.930872096698625,3.21835212848051
769,3,1145,2.81806604868181,5.43660342324124,0.111262935358303,1,1919,2.10968597331544,4.443649409342,0.999964547105015,0.615914579864398,14.3559171262467,0.964352385399272,0.735379772959277,0.974394499872632,0.939900252043882,1.09666128743611
770,3,425,3.30183591820179,6.47145850994173,0.260697280186885,2,303,1.83461210764488,4.57385098617477,0.999996034249702,0.681662372657631,11.6710053616329,0.94760331786452,0.606512911152095,0.961877031069979,0.918825647829105,1.44964980337916
771,1,1761,3.09483873550895,8.19750840176066,0.0329320296898977,1,278,1.96474601985162,4.70890151652368,0.999991115205591,1.20490681580452,4.05212372234692,0.932696599931675,0.972412198549137,0.996194509892102,0.984872218325303,2.1824744581688
772,1,1853,2.81551997400384,6.47096154458966,0.108562976071333,3,1282,2.12578929232416,4.54787194770714,0.999998449595063,1.5304086201436,3.26345239874543,0.90254362773886,0.172001893632114,0.891580819128648,0.816677374496534,2.5672833778965
773,2,387,3.12261186938431,4.96056355757332,0.0859137627795935,2,696,1.8060720222169,5.36435109610719,0.999976406147015,1.0216832184756,6.10175706256813,0.972500539416736,0.464905456174165,0.945785550545311,0.893626525869503,2.69592805804146
774,3,822,2.35734676039997,3.72322173431338,0.0440619640496767,3,1774,2.05260029301721,4.94499506685403,0.999996611938015,0.423241010020218,9.65981018990855,0.956553535101518,0.0615861900150776,0.841176687237064,0.751055490574577,2.63862689809299
775,4,1204,3.7451225941265,7.35641836779523,0.322797465773991,1,1155,1.84779548590833,5.34713052200102,0.999996934334967,1.25971015597231,4.57759168530392,0.94467483119539,0.749835404101759,0.975720802643925,0.942244282520699,2.42252861846164
776,1,344,3.35393838536447,4.71769296787378,0.103866148181756,1,1195,1.90567780830114,5.08987765454976,0.999969127712737,0.990444153847411,7.41394417725782,0.980683748980796,0.0927003619726747,0.860724788355885,0.776019609068879,1.95621243135698
777,2,1245,2.71674131873891,4.06163904784557,0.176550323382548,3,703,2.16099235836008,3.96130821924347,0.99996133004879,1.02207779232294,14.6130247244528,0.849605638121811,0.0626005702652037,0.841945724368777,0.75202742516711,1.6595504542154
778,3,1339,3.03486603291405,3.29710758122225,0.177152132134205,1,330,1.63564643756564,5.2420330471091,0.999990218620736,1.00750197249461,4.80496748763488,0.919893587782138,0.800213469890878,0.980267872653996,0.950501512981376,3.09334794208946
779,1,508,3.80943630040487,5.30285029761297,0.132567065483216,2,36,2.12918965093907,4.45680828021742,0.999998684214418,1.10062683592348,5.83863378851285,0.879904072028802,0.387357763713226,0.935256896313803,0.877901991004308,2.16570687625647
780,1,597,2.93269417625119,3.65947080185529,0.0758246040157034,1,918,2.14856195180682,4.20371914230013,0.999915258361821,0.621843848563305,6.89544156293866,0.894640178488857,0.983224719297141,0.997429484698957,0.988507353588637,3.07564925665036
781,4,1116,2.68170019198806,4.57281022434939,0.0507362158363358,4,1975,1.97037532873413,4.41504758050421,0.999990304618876,1.06060532374371,5.23767048277603,0.880330392357244,0.310945182805881,0.922987896651413,0.860137791215539,2.66610972543073
782,2,584,3.74238485060566,9.13775584439322,0.245574752080672,1,1569,2.00168057147937,4.69411718581214,0.999998115185571,0.595479687031979,6.45111363398906,0.867620104579203,0.355606656521559,0.930433673700002,0.870853879322451,3.9492670017749
783,4,180,2.46131363121091,10.1336150692078,0.0279662596215349,1,848,1.90499873317502,4.52258644062316,0.999964960351455,1.00387687816195,25.0319255245947,0.918779982189279,0.298681262414902,0.920782396205926,0.856998666978662,3.02764344915223
784,3,1928,2.60649481001569,4.16785224587017,0.135810226416032,1,1222,2.41755416412551,3.7268424008019,0.999996962333998,1.01324698446294,15.316609073602,0.831468716427808,0.299614122370258,0.920952890344235,0.857240792868917,2.84340316046217
785,2,268,3.7232061132356,5.04234490056119,0.100126857885908,1,975,2.18263082214235,3.73593646243486,0.999649129457654,0.948017118085548,29.9536210756561,0.925116356868332,0.988138760672882,0.998040528628399,0.990485637959007,3.64266627805538
786,3,1330,2.78745126100963,5.07897723917884,0.0633718170863204,1,1014,2.0721915444852,4.34043031078678,0.999973353198339,0.799679840516173,6.43964739323741,0.908796743074613,0.538329104194418,0.954528378039105,0.907110696204356,3.38441231590843
787,4,363,3.76707885058873,2.81594928620334,0.136632247017994,2,1679,1.95351174755789,4.62941925464766,0.999980018586586,0.781564993929933,5.81271984487858,0.939675509843132,0.694516476243734,0.970574979105623,0.933285170529252,3.57931501827941
788,3,233,3.96241253289627,9.19257642263544,0.190892371118944,1,1432,2.12667147949382,4.17500243761132,0.999984534881376,0.948325420365878,8.76734334161249,0.863782427837081,0.658071824116632,0.967061961501955,0.927354695942205,1.2042046781266
789,4,1164,5.8019363879281,2.93349909162589,0.476538348816879,2,759,1.87822721195904,4.86906808940418,0.999999513486637,0.824090336211652,10.4736841755445,0.841677990193502,0.981452736770734,0.997218463915318,0.987856486301041,3.73133804201471
790,1,376,3.08120675022506,4.21526552763456,0.195103039538066,4,830,2.12065223585456,3.9395027650403,0.99999377305584,1.00524787982963,50.2716125156969,0.893610516781905,0.821065310854465,0.982126685660767,0.953993352406895,1.80288657740338
791,4,1775,2.59470221142918,4.28305301875479,0.0952021353162752,2,1517,1.80202727894191,5.31211396766166,0.999990325970627,1.04622815334019,13.0162401521766,0.87389952088999,0.847128819441423,0.984442980589121,0.958461007737873,2.8010857541142
792,3,85,2.6867753757693,6.28535662970528,0.0632777282900015,4,1315,1.9966258618825,4.06424212222768,0.999999362671843,0.876816434374452,7.60199547365017,0.930498417741769,0.187531110830605,0.896039355479385,0.822701875693497,1.67039967012414
793,3,888,3.03972700631772,11.424365139292,0.0598018782833958,2,391,1.96635733379722,4.46704364195024,0.999992831108921,0.879796473030215,6.49694618046596,0.907419637645367,0.731039445148781,0.973993957368748,0.939197407688005,2.82088611391908
794,3,1521,2.94073317561363,4.22344767633073,0.0729402695152447,4,1618,2.00811451136533,4.48832932025778,0.999986314045198,1.06134073573854,9.86516949484213,0.88205656274714,0.987729487242177,0.99798789281968,0.990308871139082,3.75485660829361
795,4,902,3.55442866764186,4.94087966279071,0.210932823622127,4,828,2.02915919919143,4.53917791731616,0.999997758141406,1.00172656456884,22.2971123225382,0.945353986573091,0.524726000847295,0.952981237781457,0.904691792239019,1.99572964982008
796,2,154,3.32761450753835,5.57910459927499,0.192135610957019,2,1997,2.50427166187075,3.77720120117287,0.999995192929814,1.24833003249083,4.21008335718802,0.952687320926796,0.54458406381309,0.955229924771202,0.908212610422252,2.01814268577411
797,1,834,3.44207425444233,8.50926590048161,0.122944638946381,3,1295,2.06209332068103,4.48487721835813,0.999930711834215,0.597168891372667,7.52484369618493,0.896427916835464,0.299090117681772,0.920857177444783,0.857104855925235,1.34186554891439
798,2,1266,3.10630897671871,3.46037021596991,0.176152374717345,3,1281,1.93289614534147,4.6193397427894,0.999974203471421,1.15422571482253,5.39592719224043,0.947521213660572,0.580305415438488,0.959126394596252,0.91439410792036,1.42234386559101
799,4,65,3.6241842194177,9.16067797237247,0.0801764479098324,3,263,2.11364369878825,4.37351401060116,0.999975017233109,0.990256019124408,11.8542461999062,0.891737001778475,0.275697939796373,0.916428133564872,0.850844655056886,2.12411548351778
800,4,10,2.5424794445074,7.05946565499303,0.0789913268285276,3,809,2.17007075830811,3.96020327501042,0.999974194673737,0.886957243005516,5.76989922202247,0.869085806413495,0.0816271344665438,0.854575713081447,0.768107054554959,1.83965893382631
801,2,1928,2.83145350590812,3.85374166355355,0.104092591754868,3,1334,1.8188514604855,5.13235728697535,0.999984413319696,1.03365041888419,4.91190553942286,0.886820751249952,0.380143207032233,0.934190997661534,0.876336677327492,0.815953105740863
802,2,1622,3.58512808768943,4.40590422220228,0.0966125816801919,4,1202,2.03358251371875,3.87548838507844,0.999994601904642,0.865708437975001,11.6923322664431,0.9010413931676,0.826771514024585,0.982634118640272,0.954960340964468,2.02486670208359
803,4,1280,3.29442337059832,6.41500304402464,0.149874077064922,2,1671,2.07208432247697,4.56465969900056,0.999932568720738,0.924363175097854,4.0490791745972,0.844672234570078,0.0185940810479224,0.787196410469401,0.684627368961561,2.79166068713285
804,2,753,3.53162826731517,3.60764545019958,0.179368473441787,1,1445,2.13539304950706,4.17761972901087,0.999963447524824,0.867887631352094,8.90950571201836,0.924275250847488,0.668377264868468,0.968066836729575,0.929037455555767,3.21045676694406
805,4,518,3.64154498455995,3.65815952542667,0.170098531651125,3,873,1.9787814523955,4.44686856291942,0.999973305097393,0.860850711575916,10.5745917234037,0.841878100089769,0.374378806678578,0.933327079384425,0.875071259447857,2.22154119763786
806,1,114,3.50955714850628,4.8832947399864,0.212348563885152,3,127,2.00783651176191,4.03240650514775,0.99999879149185,1.03483434838453,3.78602429092917,0.892142798762198,0.436199103482068,0.942068406586064,0.888017231885087,1.88015309603661
807,3,316,2.79709352634802,4.15518236343428,0.140328201889833,1,1321,2.07736589240866,4.09388428841127,0.999972200580155,1.03206383224261,11.2325208424616,0.931800039634453,0.108951749512926,0.868626587334091,0.786273981760898,0.517143108662498
808,3,1539,2.99313022497187,10.7249435769847,0.0401370132046549,1,957,1.97711307166241,4.74959574489104,0.999875786397548,1.02962948588097,3.82645671611998,0.953970152523096,0.148762413300574,0.884178382968423,0.806765132471884,2.21768022534658
809,3,114,4.06156991008921,11.2623448953814,0.285497265408661,4,517,2.0069102368733,5.07102147658224,0.999999838602276,0.673246786217948,8.91890348246322,0.919751892663199,0.395540868863463,0.936445980548031,0.879653595639223,4.03030952700906
810,2,1767,3.29331917127874,5.34805704860883,0.083052531367697,3,49,2.02559707954793,5.02923742988414,0.99997955420775,0.773536831836284,19.1007426752548,0.933757998797681,0.444495009724051,0.94316245296888,0.889661236515792,2.36197762670265
811,1,1408,3.55149477926329,4.27337424653585,0.198715970327881,3,1245,2.02485007856973,4.82040048501611,0.999909674927259,1.06432187394976,8.96994870660686,0.923047522436952,0.104286272544414,0.866475067151746,0.783471950750855,2.49731813873473
812,2,1084,3.78471809712055,12.0699504899402,0.181184220176558,3,1224,2.32282222996566,3.89482895015795,0.999998055520521,0.792013668696674,27.1195721557792,0.913531876259486,0.900399771053344,0.989214006674465,0.968196810476704,2.40966528878018
813,1,985,3.80735020161818,5.25489233034205,0.161094751919917,2,769,2.39048831470906,3.69077381717902,0.999847960014689,0.446594294518909,16.0694610661227,0.950520540915122,0.676804987248033,0.968881670819944,0.930409780708261,3.07193179331519
814,4,484,3.33546092956402,4.28417674771047,0.191478596883292,1,956,1.96533169583317,4.54755399594062,0.999917623420168,1.06486255062104,6.16164035146002,0.853990234499384,0.887105690315366,0.988012076479865,0.965662192972884,3.37153819106011
815,2,1893,4.3101809517767,5.41643990070746,0.286124151419306,2,1348,2.13303642154585,4.37247288389663,0.999999946190582,1.08878282737735,5.25751495486018,0.840007970468217,0.819959594169632,0.982028312737039,0.953806602051245,4.26148262635528
816,4,373,2.17991476513888,3.52899798163616,0.0285897057372053,4,1208,1.93403693897378,4.25955644305194,0.999967167948931,0.779162987778901,8.67483942018274,0.900748742897049,0.67267938121222,0.96848354841505,0.929738380250036,2.28562769910162
817,2,967,4.12807507809981,8.68622737511834,0.230064497671287,2,1958,1.63974595133741,5.78827045621317,0.999993091050231,0.991103046249273,8.06069300993901,0.850350176220594,0.25855595478788,0.912968759033086,0.845994449971733,3.72798562991417
818,2,586,3.48871429848455,8.64958088204415,0.195256214772144,2,1713,2.03150010714519,4.57848295108473,0.999999818415872,0.975643129056458,8.11152359793847,0.895530464068661,0.808662394527346,0.981022102438181,0.951909193055321,2.95813125476836
819,4,200,3.75045186862516,9.57673675085521,0.123828225291737,2,1956,1.96185801354622,5.03340766094365,0.999999633160752,1.03550587310608,10.0241553708892,0.925235418334762,0.186118328245357,0.895647744346151,0.82217101323544,2.11275420395178
820,4,1818,2.7377712830861,3.21024642545494,0.126818933677277,1,1806,1.81758085315916,4.93263943739079,0.999969822443179,0.925148862715243,8.61679892236536,0.913281301044808,0.337235222337767,0.927473651851422,0.866571022427706,3.93440848584852
821,3,104,2.66751947572358,9.34834313758522,0.111555249986786,4,1875,2.01896253014342,4.79648486924385,0.999997552011755,0.829907199311949,10.5790578817531,0.903268457260023,0.609109870158136,0.96214506392029,0.919260719817785,1.9826325002719
822,4,1747,3.45544767882211,5.58434106809888,0.226108349561089,3,132,2.31060095512538,4.32818370460441,0.999938948253915,0.869013553569153,5.79306015789464,0.926200269306149,0.0758313664700836,0.851044295797266,0.763588283717708,1.95198362713634
823,1,451,3.0882774577115,4.01922165352824,0.0530145811760746,4,1285,1.82056251099227,5.42904176224119,0.999999941004968,0.978705329365917,7.11344593642911,0.980415765163091,0.060620641335845,0.840433720516735,0.750117259314502,5.6235839306442
824,1,814,3.23166982708487,6.85958209991981,0.168585547565282,1,1699,2.54588321312113,3.28151022360935,0.999998399130444,0.967787618309794,9.07673677386179,0.948404659566694,0.153304395265877,0.88570366491183,0.808798701516293,1.67265103059002
825,2,403,3.02676403194315,5.66474797740262,0.227513282069709,2,370,2.38336883360059,3.53342875530561,0.999960672173673,0.893017626414956,13.0305834533916,0.731558216058741,0.883075183257461,0.987649753567272,0.964910248126432,3.78636646085326
826,3,1695,2.92924001091867,12.7249532661808,0.0971246725778313,3,501,2.22084904005219,3.64396503876572,0.999739966463547,0.625521345839526,11.5553240938378,0.91359042683159,0.711192102869973,0.97214735191122,0.935985539866829,2.05613372464064
827,1,338,3.20485293640164,7.12778257276472,0.0364185996854113,3,1961,2.05660181643026,5.11987152181194,0.999995795996575,1.25885373285818,3.62767036793488,0.854078773394667,0.414657564368099,0.939146084913222,0.883652886356632,2.66732545865195
828,1,828,2.4055551882169,3.14425686238533,0.0794096815232407,4,1959,2.70528010389905,3.20785130318583,0.999949177581926,0.8494535025561,10.3751172707537,0.90458994031524,0.360598313389346,0.931215431069716,0.871990271168444,0.935523692248954
829,2,633,2.77654992123428,9.31140280516235,0.105606556691668,3,1620,1.93034188086844,4.58953687427053,0.999955175084019,1.06257650692612,16.0406439512081,0.869010995980272,0.0880222325213253,0.858214044371435,0.772781899027213,2.18278201794451
830,1,898,2.59630907619775,3.20730727415293,0.175220631172291,3,573,2.19104391002368,3.57536999752977,0.99996637767771,0.789005256217088,6.3412955127704,0.894372937521495,0.0729717083740979,0.849209289575789,0.761247338623876,3.10568032473741
831,2,1836,2.59555223020199,4.02029055377321,0.0792597586958921,1,38,2.26197078413233,4.18592819385805,0.999885606271975,0.943279093052777,6.52623530942674,0.868002499385908,0.326519842026755,0.925682936897695,0.863994840922613,4.6919463414399
832,4,218,3.75413542682952,4.35739356947376,0.191528089277379,4,1168,2.05412599419812,4.32485307409489,0.999999941255194,0.983112905692884,8.8404865362309,0.941775917175143,0.16458674822934,0.889322521679501,0.813641765080957,2.85695604027676
833,4,1714,3.40191371705185,11.645689108118,0.112319253603679,2,349,2.58021061554716,3.50443958034206,0.999972544859361,0.5954610775797,10.0958140108313,0.938511321839276,0.774021258810535,0.977916376155152,0.94618548875566,3.66225862710455
834,2,345,2.96362905293942,7.01161751524833,0.0779986841884182,4,1927,1.8571849627235,4.85716227650235,0.999899587007613,0.941872434653834,13.4686793267318,0.917151309413912,0.853289951337501,0.984990684271584,0.959538881283223,3.97642343803277
835,1,765,2.70072604032254,2.23800375807278,0.161612527796517,4,315,2.58073626888783,3.56127297034841,0.999998498879787,0.709228417488957,23.6049588837715,0.92387067133772,0.332555409753695,0.926697667497484,0.865453326292028,1.28930617757913
836,3,688,3.05078607957502,1.74350187264609,0.135290244118304,3,152,2.17078831593933,4.4331180007892,0.999998552745201,0.87098722229795,10.1616864334252,0.871030169844267,0.8951953984797,0.988742072857166,0.96719390973653,1.07683490810836
837,3,478,3.87196736832008,2.9639541930437,0.233084197914096,1,717,2.05158343237607,4.23860385657454,0.999999520941792,0.937355133035756,6.24976015263077,0.939401425302666,0.0278261071071029,0.80486654915264,0.706008177916937,2.41124371891505
838,1,1270,3.1154555401959,2.82599288368008,0.107774919138409,2,271,1.69105872627893,6.01165725375165,0.999999991615723,1.14534658628155,3.88726226606775,0.852650796265477,0.733927676221356,0.974260618829317,0.939665073024965,3.82704584850124
839,3,127,3.06069770404416,4.5154076809504,0.172992245641853,3,212,1.97704918059431,4.53145355257238,0.999996744568468,0.509048002365998,7.70945731842064,0.889193907371002,0.802563389297575,0.980477820434933,0.950892148527308,2.39937615361323
840,3,555,4.35158750507814,7.42277854544289,0.375783826996392,2,509,1.97322059791024,4.63008400286928,0.999864708879125,0.753142993421123,5.45916636381674,0.938535793379156,0.61056791129522,0.962295206006477,0.919504692500535,3.00554724727295
841,2,367,3.59562415112753,5.71618756496246,0.148414257568554,1,151,1.97575022929359,4.84672826326782,0.999937698623295,1.10373602804357,4.59928420488778,0.88553267362881,0.244424967328086,0.909961846723118,0.841805205566962,2.60393068169102
842,2,874,2.98460861411031,5.73651643760986,0.0171688466063149,2,1959,1.94218183986675,4.54905517911707,0.999927025216658,0.917018048101669,6.68240639249558,0.877591266874458,0.936370754847303,0.992553984437928,0.975645619259915,2.7135561333657
843,3,1668,3.19125630560504,6.26893990374036,0.112138559259963,1,611,1.9879971566144,4.19033502926525,0.999995002668951,0.904926039296651,6.22753030553824,0.930037965950209,0.531546894460917,0.953760747732435,0.9059086364681,3.68723179673678
844,3,1450,2.60039669687102,3.77642446962526,0.0747374099548286,3,45,2.3403351986599,3.9619068711836,0.999989828046967,0.389465155174616,11.1955826386319,0.79085768942937,0.602136888308451,0.961423589630335,0.918090967896379,2.95545074613308
845,3,423,3.07144785041695,6.95492322655551,0.130373347717163,2,136,2.57848086610895,3.23715288167356,0.999967146540255,1.10788940023051,5.29970535520934,0.844621610313767,0.750151821644977,0.975749707861028,0.94229566345407,1.35191000482557
846,2,1411,3.02292074966036,4.08150561814463,0.139246400317001,1,405,1.96100071934429,5.04586177301433,0.999951619759174,0.442626420412376,20.0867105254701,0.923295659888682,0.865480961278081,0.986076068059149,0.961702167321984,2.16606154155546
847,2,523,2.82964493039542,4.78879747639227,0.0602644828258009,2,761,2.20296838393182,4.19336523808592,0.999994260527094,0.526822667379524,18.3921621642037,0.879660859116849,0.664235486183316,0.96766412229292,0.928361817199649,1.74505830748739
848,4,1803,3.03544734182569,6.31045738548315,0.073911961225537,4,1509,2.32549888852163,3.99978461360647,0.999985477975173,0.861811611303617,14.5545939253252,0.917829177491882,0.88550492702052,0.987868075929477,0.965362705104203,3.23963228083599
849,3,1321,2.81661479340721,4.60588242403502,0.340874379851402,4,1236,1.76490756180451,5.71788954212052,0.999928166929942,0.914550824217543,10.0603773579155,0.877404068741787,0.537556267809123,0.95444127477059,0.90697410768219,1.56339268234104
850,2,1644,3.91981896784972,4.3523502393189,0.207406249576846,3,155,1.89794031858241,5.09289720170004,0.999957382650929,1.04777096083775,7.71248184926733,0.860819333302053,0.296926192706451,0.920460373973802,0.856541593626377,2.75735420333834
851,3,672,3.12016697852158,3.36754648519551,0.107695857396958,1,1619,2.06148617430355,4.63753924682094,0.999979365495402,1.06418540904275,6.44535509667989,0.869483917276141,0.773080342682078,0.977831444835784,0.946031521343629,2.35696509335216
852,3,1772,3.33733204131762,5.74453508568745,0.176264948545698,1,800,2.18596306834138,3.7809731344628,0.999999816740098,1.01314713128394,9.92076543207085,0.905600356766113,0.614336017984897,0.962682099052822,0.920134246315323,1.5434301879606
853,4,885,3.30001801198976,5.35159155901843,0.166615919884431,3,345,1.964282033088,3.93875789603018,0.999930544861845,0.982490632356259,10.6201783116432,0.910664004213278,0.506563776871189,0.950867204427529,0.901410398973,2.6466956219707
854,4,612,2.41129917674684,4.26195499294854,0.154707888548582,2,263,2.03095471630081,4.51706227147929,0.999900779904867,1.0744645216529,3.61912893714259,0.878854727038386,0.857297092908993,0.985347150232012,0.960245245321714,1.33724560840513
855,1,506,3.33191358004369,4.43438030086339,0.101008021738383,1,1061,2.07822430651653,4.55629710274418,0.999990118706024,0.486789013115209,16.5896471548356,0.941721950093011,0.697718895738944,0.970878523116874,0.933804124802496,2.02232090292869
856,3,1749,4.70300791690117,5.57418575184456,0.264628906389197,3,1640,1.95814004594103,4.25808365704245,0.999998402044002,1.06042973492049,6.96921316313556,0.861706638220494,0.981275497935712,0.997197581235167,0.987792847878914,3.73102616675848
857,1,1452,2.83822486492096,3.1396841999354,0.206874488322243,4,1841,2.02317296581912,4.27865964124059,0.999998687042039,1.11591385660766,8.38411068313129,0.869719071610297,0.83981034019962,0.983792723620699,0.957192481076057,3.43978551252745
858,3,242,4.62727416419984,3.638021675924,0.468567484972858,4,1781,1.85826986955053,4.76472071557255,0.999997506754076,0.956873599732598,19.8773632835652,0.88418430005097,0.971374598098919,0.996081417354273,0.984557237929193,4.83343744929154
859,4,1193,3.4402420466117,4.03918845605562,0.290579528741927,1,1393,1.80762085543588,5.60304956254125,0.999983225468481,0.97980934977969,26.7121255133743,0.793072583549308,0.1112424088642,0.869652269940627,0.787612465605344,3.42007639943478
860,3,799,3.23333321639359,4.43949257451802,0.0814449604248986,1,707,1.71382095255646,6.16217701584326,0.999998139350426,0.951244704982795,4.72430114158457,0.819100557598134,0.976467013126239,0.996644371108542,0.986151735138534,3.57090824840696
861,2,857,3.61754306194195,5.47058244401564,0.248022966083893,1,945,2.09871005318871,4.47753626716941,0.999979826693497,1.1103833949759,9.57216567065793,0.888771738856264,0.770551282214001,0.977602980914094,0.945617977838525,3.45585959491038
862,4,580,3.7048594148366,6.57131028467119,0.0124551262537851,4,1713,2.29218834715008,4.18803946024515,0.999987832243525,0.827672042284231,8.48531062703899,0.942940728200333,0.398800762370229,0.936913968003043,0.880344561965954,1.63107280696624
863,2,1097,3.90924968104251,5.64473440731801,0.333865804447089,1,252,2.31890093565092,3.76218387149452,0.999969804093059,1.12273488343579,3.97281274730548,0.952070099507901,0.581799775827676,0.959285565317564,0.914648947231829,1.61848249216715
864,3,1411,2.32640778378658,4.68488548481008,0.00512708233722274,2,1013,2.42987918558055,3.52423931829657,0.99995794647666,1.08664587741487,3.84760255672454,0.912019460578061,0.984445879235864,0.997577483399223,0.988972877725357,1.7711106268974
865,1,1206,3.17981553682906,7.08633487373036,0.115093814655132,2,86,1.82602866236141,5.32368957423181,0.999927844606499,0.961166219537525,16.6101013215281,0.933807438312496,0.742722529219463,0.975069635104549,0.941090172329822,1.68655029315575
866,4,802,4.13322909992609,4.54871411270343,0.164740806576952,4,1942,1.86757471612102,4.97315070474727,0.999984304213725,1.17446700637643,5.9813438237909,0.913043483467485,0.712285919114947,0.972249797317589,0.936162547522744,1.53534928737274
867,2,738,2.90583711292101,6.12089129199935,0.0855785426242443,1,1431,1.81684419659188,4.97069036437012,0.999999799836089,1.03937893317751,15.0832671116146,0.857516120889219,0.48584887268953,0.948383184001685,0.897587901892496,3.20943764945705
868,3,565,3.43428796632246,5.29645002335086,0.171860707057354,1,1648,2.34912590945539,3.89714077916142,0.999979368300099,1.21070824864345,4.47549379305478,0.962009127456787,0.417158269090578,0.939491636372685,0.884166960612227,2.43623681181915
869,2,604,3.02415616240515,6.05775461856768,0.118499732429581,4,78,2.04206371036383,4.50313947720597,0.999959919012575,0.809056623937481,4.36857933992865,0.891104603421248,0.0863835213240236,0.857305493168457,0.771612652439526,2.49954370190919
870,4,717,3.06073061231551,5.22389121954488,0.166924382934345,2,244,1.75371219446036,4.99686299601342,0.999983314780978,0.986817840140374,7.3456004478363,0.914381785811813,0.672824128298089,0.968497541098143,0.929761948678122,3.81014666514828
871,4,1557,3.22725005234644,3.98765596363798,0.125321085840794,3,296,1.98103925041301,4.10907863459258,0.999938194522475,0.94262110544443,16.072234477726,0.886290661826483,0.572733436478302,0.95831532810459,0.913098485310017,3.3352079778893
872,4,1881,3.34638720520042,7.63135196867127,0.115898023710043,4,1423,2.06850648950907,4.51452990036277,0.999948537277175,1.11477962250485,6.90329427176631,0.86883996994106,0.962975660804659,0.995190459807198,0.982155316000799,3.12323033124544
873,4,1236,2.97291111236418,9.45699400929882,0.0945186839293465,4,1939,2.09729872066543,4.12864236212389,0.999999054265448,0.966745556192644,9.60836256943649,0.929538637037669,0.231816590297967,0.90714634051665,0.837904067254151,2.74433334922488
874,3,809,2.69297899607019,3.45477913044044,0.134924778679708,1,551,1.98043190394201,4.68873668689492,0.999980628481174,1.03767338523875,16.1828985923093,0.939973384012696,0.9564132115338,0.994518562944534,0.98042279277666,2.26142741519757
875,3,1664,2.89212273137172,3.77744396272125,0.143887013796695,3,667,2.00070225048625,4.86134159158162,0.999999059871084,1.22732596660961,4.41215292055696,0.894910849474898,0.721433893078938,0.973103430206973,0.937642779473805,4.83464705042574
876,1,341,3.56317191485997,4.82020157802046,0.162796154422789,2,853,2.12267056612094,4.25979594794465,0.999981954445459,0.88101312044998,6.11122060862794,0.8458465637889,0.172533397562802,0.891739297896359,0.816890796240373,3.77958680326675
877,3,1251,3.52104197502837,5.40480087967528,0.170504173882539,4,269,2.10508915477242,4.57936571003576,0.999989893511798,0.713761622393457,7.02217104062766,0.862686035158984,0.58963026269339,0.960114908056219,0.915979876809984,1.28935662182581
878,4,1402,3.12234247627447,11.0532601525453,0.107300012002575,3,1007,2.15079775629278,4.06181184083323,0.999976346070951,0.935254379783601,8.17629383846292,0.932145893643106,0.270095587475225,0.915318814679019,0.849285678199367,3.56620264358582
879,3,935,3.13615702114308,3.84017087645546,0.0829328092512265,3,1002,2.51795985697388,3.36869143414535,0.999912979967351,1.11061210289916,4.18581862609352,0.867144056466107,0.745352317811921,0.97531070199258,0.941516683185549,2.25498745441765
880,4,1749,3.22077753931456,6.20519395526929,0.150432587997153,1,1344,2.13415360343183,4.04263484967134,0.999983282825304,0.986740242020537,6.94412926538503,0.886686321197297,0.177540017757565,0.893210922705443,0.818875123170699,3.19973324599079
881,2,416,2.41980718386197,4.15784829367065,0.0379980273353393,3,262,2.08133651562595,4.52081847414136,0.999968021826634,0.508260480027254,8.24975956099741,0.827933954182851,0.642954824259505,0.965570030464517,0.924875030425415,3.33965542877651
882,1,705,4.11885229140536,7.45849701985596,0.262159805067041,1,1883,2.10244078355969,4.25912515070813,0.999985615431742,0.647773761642214,13.2490489422008,0.924333600585285,0.532044877763838,0.953817361285677,0.905997161158854,2.58390745555231
883,3,474,3.25124009992221,10.4738621170832,0.192942548102105,4,1718,2.46863664073124,3.7721167948986,0.99999973850623,0.445202101840919,23.7939996715356,0.905201887570163,0.107556649949402,0.867992203343083,0.785447002455301,1.49948255747641
884,3,998,4.06330903593964,6.23699511786161,0.260539487835498,2,278,2.05632336320615,4.28172660423441,0.999945091914482,0.983689002935566,8.42104451229357,0.894046458130493,0.828970588976517,0.982829588334296,0.955334518236948,1.98872013900518
885,1,1532,3.44518104139322,7.88212147237804,0.0800410895650328,2,279,2.09025041632336,4.65547114946353,0.999949002706363,1.01291220500211,4.4702615783784,0.919242941698585,0.221674173837528,0.904781162491985,0.834642328627908,4.19859728780879
886,3,1322,3.31058591463442,6.99988935359727,0.0165535186957339,4,1249,2.29603222371631,4.35554481492605,0.999873253365992,1.05413260991603,7.8176788523573,0.925804337871085,0.142337907804176,0.88194721566197,0.803798458215501,2.90835164745949
887,2,1605,3.12696670195451,4.46706060707939,0.182687792363819,4,316,2.51157281673134,3.3443524019995,0.999991330053207,0.895589328381844,24.1505064827177,0.907887538826754,0.335326711181551,0.927158311793781,0.866116570214792,2.29904315030276
888,3,1801,2.84268704354778,4.18789901577237,0.0494720913721109,4,328,2.13969156906274,4.45185404530457,0.999956124522519,0.979844036369532,7.82800759179675,0.906546168877402,0.835636551259086,0.983421917195453,0.956474293579264,4.86099747457207
889,4,856,2.48605473505097,5.2545072421919,0.0502104088692507,1,1219,2.73780651510876,3.05108082993048,0.999968214926164,0.936880616055844,19.0199218560473,0.925543095871152,0.654028535820544,0.966665052480842,0.92669287184616,2.36925343985795
890,1,300,3.5365151516641,5.44881064384537,0.235536290609885,1,1051,2.34928107422213,3.63853591298578,0.999953799419985,0.890814788344095,4.81606912381865,0.930495759095332,0.2650781723205,0.914308065008163,0.847868253625878,2.57910642640505
891,2,632,3.142347303412,5.19964882322982,0.254698598658419,3,1580,2.15470151342715,4.10568832061832,0.999915685991501,0.904235111826167,10.6615149568617,0.961893141616236,0.799604772590101,0.980213466866139,0.95040043284053,1.40939545864024
892,1,1397,3.8448955860931,7.53912511134424,0.326014545267575,4,1099,2.03104574429091,4.40179966753724,0.999916487058102,1.11866259721186,4.52332031345983,0.915114088268637,0.783957207808271,0.978811150339433,0.947815445613165,5.71550616806397
893,4,1031,2.77452379611617,2.63246743043729,0.184206923892956,2,1002,1.83200591130891,4.5228356728557,0.999999453490335,0.966186592408317,16.0643038420108,0.875233660848344,0.11051979707554,0.869330809111479,0.78719278105591,3.09545393934015
894,4,196,3.29913519211269,5.66406117304857,0.119889885088616,4,1322,2.09289992000211,4.67141323191828,0.999990463456224,0.655395134222293,5.68174488861008,0.950033863100353,0.328088468872011,0.925948200788006,0.86437577299497,2.19030224623815
895,4,1617,3.64444503889723,5.1415059631869,0.165705466885364,2,420,1.86559725858888,5.19883006955154,0.999934259053736,1.08199569684739,7.22801271644395,0.831552635901276,0.46793206827715,0.946166618127022,0.894205443777502,5.19915991351399
896,1,507,3.13586027187782,6.66360427852275,0.254621690416421,1,1494,1.87433272847519,4.16628682442385,0.999982954523616,0.93775298254914,7.09913802970404,0.892950053050494,0.703337831422687,0.971409272470741,0.934714187718945,2.91705239154574
897,3,349,3.320490840826,4.9979186074747,0.0165187668966039,3,1362,1.88667394045518,4.88164069778892,0.999999909391883,1.05082426120399,6.60041529402297,0.915159595441851,0.229561526561156,0.906628525877102,0.837188779818367,1.3036253160826
898,2,1805,3.57286674708161,5.62331389419467,0.129977694431363,4,165,1.60648869475526,5.84563124586406,0.999991893013713,1.11131300996452,6.98357313172352,0.966190625967891,0.686301894718781,0.969792744110552,0.931952808125688,1.09833234199552
899,3,432,3.06886820482392,5.54087563477768,0.245375008726185,3,1067,2.1153962115045,4.60472183011673,0.999967262304777,0.987449502534166,13.7905425947772,0.848891941300655,0.88244994613342,0.98759362018652,0.964794223136612,0.314992152022795
900,2,1147,3.40461060202867,4.13170182616607,0.0674578566744975,3,801,2.10947170760455,4.73545206480001,0.99998920094536,1.06734328428345,4.61738851019987,0.90110887352597,0.0457407841458917,0.82733790669561,0.733697680723393,3.07164379784738
901,4,163,2.62217375813188,2.34488395521985,0.0542450652241566,1,1333,2.15443496334823,3.90196583168732,0.999954519131502,0.606981253232721,10.4025423259791,0.946346468692377,0.681986963842064,0.969379711782984,0.931252131573037,1.06601485122427
902,1,710,2.11880848797763,2.35656974351237,0.117590308541464,3,1931,1.92255476504057,5.09719796975557,0.999995146601065,0.936612021424756,4.56604782144727,0.898283648452094,0.89803692442365,0.988999496705733,0.967739674498353,2.60461408876058
903,1,1570,3.2943258985877,6.4765982493316,0.264439915228924,2,1704,1.824450264441,4.77336244967641,0.999988008540594,0.898643707018561,4.23163842153045,0.912198334716494,0.145667491247877,0.883114690556611,0.805349616165861,2.44434550286335
904,2,1213,4.38856561076763,3.18410379672884,0.232038907185553,2,1192,2.01895325046521,4.67251095366294,0.999996031127117,0.993729015931622,15.5831493752494,0.839956845537537,0.0772524066269398,0.851932570261348,0.764723204863672,2.11273820282101
905,2,1744,2.72428033556469,2.86110003802057,0.0908207852243342,4,1298,2.06211265299607,3.94302145653194,0.999962035521043,1.25827146872288,3.69783484915254,0.911761377588068,0.670707569457591,0.968292754002628,0.929417227207649,2.77168498488797
906,2,1018,3.07326304730154,4.86194870240811,0.104523558472459,2,1103,2.25335343291878,3.9798367782298,0.999995483852908,0.960649753218907,5.45175682395372,0.826394173791069,0.275741794845089,0.916436739140902,0.850856762612246,2.27723659208934
907,3,734,3.10459939266525,6.49122145681617,0.0578917602090667,4,1821,2.13481539764399,4.0041533440622,0.999973434575893,1.05954281291874,8.65358806105873,0.892049757311878,0.395984283881262,0.936509825043313,0.879747806399852,1.08753478741953
908,4,718,3.16302820719962,6.39594308191992,0.197027239852432,1,1379,1.91509420164569,4.98130468506652,0.999997406008576,0.968759221484664,8.35094767191528,0.919693664948509,0.584325002506375,0.959553877454909,0.915078959839557,1.93203259420554
909,4,1270,3.6064599684066,8.69204464962487,0.139259046797601,3,998,1.99162944887238,4.64352398446879,0.999757278129036,0.873570241543979,6.98034962419892,0.896974527296847,0.539253071183339,0.95463239156053,0.907273866471443,2.50730346552181
910,3,353,3.69878332306823,2.97500384644739,0.240051405927214,1,685,2.34810486214113,3.89986341131736,0.999978897621161,1.01999859081892,3.8829285467963,0.955766425474639,0.404568976722658,0.937734312845794,0.881557973121678,2.72796315689973
911,4,1198,3.03465132883663,2.97320435374565,0.124837264112962,1,433,2.37486751300517,3.69001039756326,0.999987308850721,0.819832954535957,6.40891427378376,0.850735185582181,0.0537276417016983,0.834787552063115,0.743011042308858,3.37977063768399
912,3,1155,2.52404571522902,5.04642432328168,0.00836804083225318,3,466,1.90662020539543,4.91384552129301,0.999999997375968,0.889567215599311,7.08428341935622,0.912234087064825,0.766434107907116,0.977230476931833,0.944945637705182,1.41844084440539
913,4,1075,3.65002896271553,9.30268970041959,0.125897363090136,2,961,2.20892240976673,3.99506332518082,0.999996085844892,1.00551774685738,13.9367950327102,0.943634209428545,0.701589585514739,0.971244386500317,0.934431094555796,3.65307827896211
914,3,725,3.27195699603658,7.61834719055697,0.341561192055163,1,358,2.10502096147526,4.77508384461905,0.999994742471005,1.10259521303752,4.657335039572,0.957782623171495,0.336884196149185,0.92741576719575,0.866487576290698,4.30363008743046
915,4,1301,2.68355630829951,4.27264081858827,0.16673282415832,3,1650,2.2300196577947,3.92105475329928,0.999991789778106,0.800954718345908,6.63980662368967,0.860131879849172,0.283925189403817,0.918021986210299,0.853090774985189,2.0444944281792
916,4,978,2.93688901257045,5.19850660680523,0.115988573530013,3,834,2.14855783414906,4.31318031489041,0.999988015016845,0.925758509655613,8.57334735816197,0.870309238203162,0.401187807321548,0.937254636463873,0.880848118495534,1.34303835832333
917,2,843,2.92476069134102,7.59645868747076,0.019012798869238,1,841,1.94617644030129,4.84920090451377,0.999992437535771,0.968329512584643,9.93005943276354,0.909588945641818,0.94504004647024,0.993390527290792,0.977634136005618,2.68708215709746
918,2,812,4.67112712956698,2.94416136522224,0.330714675027244,2,1756,2.04980986669209,4.36218513811401,0.999999771976402,0.899030393303947,6.84132734545764,0.911453400376557,0.638693451182917,0.965145436003146,0.924173259409894,1.6677408968879
919,3,907,3.60632584794979,5.92606389541824,0.138405992695483,4,790,1.77055534362658,4.83775918609968,0.999983828083806,1.07740572718322,10.3152729452694,0.911682059138359,0.41132749686949,0.938683252998122,0.882965150196137,2.34285038370391
920,3,1491,3.13640683354962,3.0361363242493,0.170566371591943,3,485,1.98018277661875,4.55390160248981,0.999871600498398,0.887872334859962,13.8404040399527,0.969678986594916,0.163184799253941,0.888885264172651,0.813055202701216,2.45520752519483
921,4,1045,2.67644984557728,6.68060379950883,0.0376234487191793,4,664,2.25682780789388,3.97124879080654,0.999995731932699,0.91097916192803,5.54972480078319,0.852869180624569,0.283717440906912,0.917982238795108,0.853034671161559,3.83666563057977
922,1,425,3.79844744082178,3.7098620137274,0.164248492203073,3,1993,1.88277825496591,5.5863940004806,0.999909829377829,0.815192998006172,7.08029520007803,0.879413975820012,0.126864754594862,0.876173309695693,0.796163971493189,3.34959905252628
923,1,1518,3.26803211480046,4.24228379136217,0.171513122012409,2,791,1.76357856486543,4.57725787953419,0.999996933496801,0.967654091389877,9.89040863897244,0.904822151738722,0.0392863634042442,0.820376425842046,0.725056551378192,3.54647557787285
924,4,1939,3.56677751639466,5.80589170148032,0.130259255836521,1,206,2.02737153520507,4.00619155015143,0.999993810220367,1.00945570774538,17.5626166780796,0.947901578117049,0.315357252955437,0.923762964438963,0.861244617740261,1.90367554813253
925,4,1367,3.64174992825394,7.58356929078515,0.190915359634202,1,994,1.79989857121469,5.10491025526714,0.99999133278941,0.479616356265296,14.117828942313,0.943329318838537,0.782900726189837,0.978716183193528,0.947641754756693,1.99159355666956
926,4,1906,3.45549226789562,3.52078314648404,0.090313169292814,2,1841,2.20286870255656,3.85183075605343,0.999969107883603,0.515741344571421,11.3409841062035,0.923053070354756,0.495169067755342,0.94951084008511,0.899318874302501,4.25088319765538
927,2,101,3.06358704470681,9.29396514365207,0.15034527785441,4,300,1.99316868105538,3.87509593254015,0.999965992374686,0.905841140234242,11.241110971212,0.886115542784392,0.5392854323145,0.954636032119317,0.907279578837369,2.62707593239799
928,4,1769,3.28750682367615,6.10360042282865,0.0587701248053122,4,337,2.08655114337465,4.32236435782425,0.999959374138733,1.23264748643783,3.71281295636911,0.847661271558512,0.127781986724585,0.876532988701177,0.796637794749948,1.25057021446269
929,1,1656,3.11962117808279,3.27420637825691,0.202721944641293,3,673,1.86899240203398,5.12138334722638,0.999974839083474,0.938872858415321,7.77569606272819,0.908982625440908,0.167120464844629,0.890104309966426,0.814691466180936,1.27606823405242
930,3,321,3.10315022943523,6.74599927443501,0.100371185921482,3,1560,2.01303318446405,4.41686718005497,0.999999065382299,1.31895326802202,3.32617339269264,0.906222453041626,0.51365054375492,0.951698901159303,0.902698159886691,4.59120459507523
931,4,1700,3.7098679752239,4.63460135307496,0.217546230311451,3,1075,1.92193367893626,4.94687475171444,0.999993522728258,0.628658854696899,19.0504059250133,0.937848704113614,0.553768970770761,0.95624929425797,0.909819551652199,1.29170000609043
932,1,1827,3.70405535339431,5.78757481788361,0.30622686723591,4,1128,1.84559280453645,5.14591784965883,0.999987930750514,1.19014402472862,3.73550425851952,0.890629967665559,0.480396733386442,0.94771562229272,0.896566461301467,2.88314932938956
933,3,465,3.05349418350893,4.24201869310894,0.212535999003958,2,1260,2.13825302214348,4.06584284729831,0.999962515332981,1.24815013266981,4.07678384068356,0.924762916430142,0.960067461710423,0.994890458092836,0.981374293002015,2.32569821942754
934,3,1323,2.43210776253668,3.43209617528892,0.0326354251428445,4,589,1.93113045168115,4.50656083733475,0.999990347570279,1.00550231390627,8.23098592338053,0.879373167379293,0.699561896268278,0.971052864579101,0.934102686747661,2.87669642722376
935,1,1541,2.78795051137236,2.45977935936505,0.22299462644811,3,1535,2.20663704635468,4.13876960705271,0.999964880610892,0.787054224114265,9.6595372293205,0.934357254289416,0.83145373663865,0.983050265055418,0.955758099559971,3.29223620988188
936,1,1447,3.24670578458477,8.68898361335823,0.062867060250298,2,1895,2.27567918636144,3.7249268945223,0.999956032144112,1.13706492260257,6.31953499821694,0.968289476357093,0.910740288207307,0.990158309465219,0.9702362376748,2.41281137792019
937,1,128,3.95511559716216,7.90653658697459,0.32061440865725,3,175,1.9883553113834,4.85709505810717,0.999986664215304,0.876164631459131,5.80038960888266,0.939252746700235,0.33444312424399,0.927011797658568,0.865905537768111,2.40811793117526
938,4,585,3.34075948446398,4.58849584403537,0.169569024890325,2,1934,2.26663453391906,3.86000637417872,0.999967767549322,1.02154264783814,4.45783137250451,0.897990485170892,0.0207903319969773,0.792042301510647,0.690458344467216,2.1458987142556
939,1,1903,4.35617559630753,4.23834712720958,0.406347005493053,4,1292,1.93964740012733,4.47871415448034,0.999971490702894,1.00000813854232,3.82219869985626,0.852011777696365,0.448716912185773,0.943712885578195,0.890490517198528,2.23636311822905
940,1,225,3.76307383271788,7.41266858338548,0.263123692055691,2,1173,2.58421253554522,3.29547334544537,0.999951972570827,1.04254667630492,10.5034727481297,0.96515480840517,0.290310887387022,0.919231527719375,0.854800292503988,1.75606701606838
941,2,176,3.5697438026612,9.15398948689707,0.150330375657338,4,130,1.98760236397213,4.63998641323847,0.999982227363274,1.14465845048158,8.47118856490411,0.889603025704858,0.41407556575723,0.939065417094065,0.883532952595884,4.53849616782639
942,4,1201,2.99970486813459,6.4871484664921,0.21716273037493,1,442,2.06014176119455,4.2429812893786,0.99999681290461,0.596366512936341,16.609623332219,0.908699853637841,0.351639841450378,0.929805750095265,0.869942723050144,4.52036352735032
943,4,779,2.57623955786862,7.28448389285205,0.0548660822409643,3,1413,1.93956761576687,4.53841801195436,0.999990607820428,1.02305639594032,9.19420662069182,0.881072021365806,0.423280883347616,0.940330529728013,0.885417167621264,3.31409846589613
944,1,213,2.96534314136852,4.14504878276893,0.204870965403162,2,1946,2.07145918060653,4.46813077145891,0.999999903061393,0.98947406432522,35.8421272864448,0.955567370621269,0.975758232641965,0.996564753868784,0.98592199699989,3.25630458718049
945,4,1521,2.76117263037917,2.2880759170306,0.17552145538644,1,1131,1.93646195062491,5.09805868282968,0.999996254897781,0.751403168635559,35.8798538125705,0.955712545110891,0.855755424126983,0.985209978932354,0.959972967229112,2.72953365713267
946,4,1151,4.01213314965225,4.07611695495552,0.211873668104952,3,1717,1.85160163704816,5.18586781256216,0.999985552141964,1.08524159285648,7.46383198939273,0.882801517687987,0.345355972647667,0.92879860760103,0.868484259425534,1.5649199216197
947,2,1240,4.0991361092977,5.94082358625286,0.336270248872303,2,1480,2.16708885083735,3.8254786627151,0.999954748119951,0.975024052434513,4.90612795738931,0.957329033216312,0.654161892365664,0.966678167799817,0.92671471574691,2.47812331427318
948,3,1763,2.87190317482388,4.64563898140726,0.156961770461475,4,1323,2.26038448555106,4.20341164322235,0.999998015973501,0.981417213194852,15.1572403446923,0.932702498805894,0.893116428749636,0.988554083180262,0.966797245970826,2.40149244760695
949,3,1053,3.61961356040958,3.86521342355312,0.232391528521864,3,448,2.02658820428198,4.56550316056649,0.999980518033822,0.914932477735665,4.62419164160468,0.885141479271199,0.143047564895824,0.882198109928066,0.804131590855685,2.20103103941246
950,2,133,4.17587089549534,8.06616377992473,0.268427131610619,4,18,2.01868168227295,4.44483037047527,0.999861685292634,0.752383197830093,6.9234805474397,0.939574988238269,0.927916028769687,0.99175283100522,0.973793957156812,1.11174702822691
951,3,408,3.44707370737091,4.95914627590753,0.184972510776563,2,1217,1.7914182550179,5.47200013169797,0.999999899455668,1.06011879784398,13.795163373347,0.930552051830467,0.296614876016974,0.920403080684867,0.856460305749668,1.62626396182336
952,3,347,3.41180147681887,5.01734416977725,0.112131588728074,1,1149,2.15135693408482,4.26424095872831,0.999970685020815,1.10488991741013,4.44060432889574,0.91176621945921,0.211396762402728,0.902284206446115,0.831213631957159,2.24149780042411
953,2,622,3.19841995611926,4.43290205073131,0.150604432438583,3,521,1.89819482653199,5.14572167994777,0.999833692916505,0.969964212991017,7.6211737748533,0.891830680048848,0.0805649834219366,0.853946182119954,0.767300177299207,3.41017718320086
954,3,1070,3.2945850932188,4.47499712481982,0.202975815183555,2,852,2.1204787375253,3.76436472489287,0.999958411830326,1.00742449986934,17.4337415322944,0.918414347616014,0.0829521252308041,0.855350548507764,0.76910097394905,1.61835775001225
955,1,1377,3.17567635129295,6.41247927560516,0.161959030475646,2,661,2.12895607291923,3.86062114523239,0.999998716894906,0.541616138156157,24.5243342848101,0.910219020101324,0.996393464505672,0.999223070664698,0.994973066830801,0.694318731377885
956,1,970,2.27763229449432,3.08466311842084,0.0435319649667191,2,534,2.14718210749778,4.18169353366677,0.999909612210523,0.831568307401298,5.3053633801634,0.857928149841096,0.530681277858093,0.953662244086055,0.905754658018833,1.65624519280534
957,1,1901,3.00650822613669,6.19499421514388,0.186766112840488,1,264,1.84218699486282,5.64688809581445,0.999972060900588,0.997171452606169,35.370579912665,0.915980126707186,0.873679797165096,0.986808023168723,0.963183116724296,3.18322402507953
958,4,491,4.68888107808215,2.74044064057355,0.322754580933049,2,1065,2.1411673179723,4.51506335182937,0.999999095380069,0.922086889332927,6.46413445259572,0.876577985461958,0.709090732969344,0.97195030825941,0.935645459234433,2.82813642939078
959,1,336,3.26730917942482,4.15814728350532,0.048558690789656,1,140,2.12107688833909,4.26879481641613,0.999977360478879,0.823577253645487,10.3458442052804,0.930833979178001,0.0248946887440979,0.799939027110658,0.700012637104912,2.23977230721302
960,3,693,2.25378396047575,4.30560566353517,0.178286785330801,3,848,2.22377179963253,3.93675174869799,0.999995636915864,0.567193439050549,7.2738325126835,0.930861045325354,0.368324186187238,0.93240752458398,0.873727513644979,2.4661225647011
961,4,999,3.586976189837,6.18568930203785,0.20107377652305,1,530,2.01911798581146,4.47609917108593,0.99998279172792,1.01929172759384,41.2048217290128,0.832308866133976,0.172824998851866,0.891826058018606,0.817007657314813,2.54148235828782
962,4,456,2.88835016051161,4.04807999349064,0.145500581522194,3,642,2.02872833909565,4.15912810410459,0.999826764246039,1.08076078891678,5.68525015171687,0.831090257440899,0.84875825070776,0.984587796960219,0.958745147828272,2.32275888619598
963,1,536,4.3255987792651,4.89148629137326,0.246070507662131,3,1806,2.0038127097952,4.47025003659419,0.999956602109949,0.653159496603293,8.29043311720744,0.949393152349436,0.92652251245454,0.991621956360556,0.973495875677546,2.61353514080633
964,3,1024,3.22644606391728,6.70822732064107,0.166624133403243,4,69,2.04575932312755,4.49423827821361,0.999999959723176,0.962688198827443,5.15446297706127,0.867252584868146,0.0412688034120947,0.822621097602099,0.727836426144013,5.63102893857618
965,4,2,3.37868825221751,3.72587712214528,0.244486370627037,4,1002,1.9229934914292,4.64951475516911,0.999972806305588,1.07846451713982,5.80481182421594,0.878280426218559,0.00997076160274446,0.760786613834134,0.653256326725606,2.36128307815464
966,1,194,3.37563939562404,6.24111439198616,0.0893862383317852,1,156,1.82982193972309,4.72206136355716,0.999992471212936,0.992671146471689,20.4510762472738,0.856661615928025,0.355717248516157,0.930451094358388,0.87087917822126,3.26091911952016
967,1,73,3.07572693286704,3.92752211268011,0.18714532525039,1,1500,2.09112015297023,4.0953996009963,0.999975180239357,1.05677038247233,21.1781361097726,0.87514450528339,0.869822011562064,0.986463365001107,0.962483450673866,3.16393738067255
968,4,1404,3.46993030718727,2.73857726330577,0.191105722077567,3,145,2.05609218549919,4.3968729420498,0.999973461847165,0.923049015057496,5.14606703296632,0.926558260520907,0.780500588705763,0.978500286006345,0.947247509749644,3.59008194143762
969,2,1916,3.68792299434493,7.02734807883805,0.203039228180157,2,1880,2.13433939207348,4.56854833539406,0.999943034553921,0.943260887495548,5.91829712212656,0.965378993700505,0.242426176089793,0.909524208733244,0.84119747960879,3.97261735920917
970,4,716,2.72030991358699,2.4922564809612,0.137784490663507,3,925,2.08480002004269,4.12132192433339,0.999982357121769,1.10630128833401,4.37802480572771,0.878317168988098,0.455849851248786,0.944633419882358,0.891880682656458,2.74758649191138
971,2,1138,3.20993778104895,3.59459687856442,0.262582217456155,4,1190,2.27799484217062,4.35738124191227,0.99999993480157,0.920052528282465,9.90001800106329,0.867396571324398,0.851969042327255,0.984873226910566,0.959306978349884,3.25981529655833
972,3,365,4.99048338847178,5.67449244643383,0.347482861425899,2,1384,1.78716025398785,5.03169929437013,0.999999263238678,0.980129362494817,4.18937277947264,0.841907612510392,0.511889364337549,0.951493040428946,0.902379034056717,4.8786432998896
973,1,1119,2.89392537447874,8.6284074261481,0.0804713174654809,2,898,1.96795912858934,4.5850874349203,0.999968770706694,1.05443118973896,8.24322322741995,0.877986222717459,0.0493017584085464,0.830797215955269,0.73801372628913,2.17746962377914
974,1,1665,2.73005787156472,6.66043256298788,0.0823594825558832,4,552,1.86558191570882,4.750982535331,0.999999924278668,0.950113595782589,9.03712535942401,0.947147865462669,0.591307935072109,0.960291579668344,0.916264083949177,3.78159455580752
975,3,873,3.187205000019,6.06662230488984,0.0144205022665101,2,1928,1.99739070317811,4.3982886389653,0.99989295036599,0.911232449085289,7.05196088424692,0.907457836550137,0.10713996598497,0.867801267743265,0.785198229700572,2.85146033347295
976,2,1491,3.19549468706812,7.27648266271335,0.176065490303504,1,131,1.78384288390351,4.98849896022052,0.999939746121984,0.972366172186694,18.5605485324297,0.926167428133228,0.749881830764934,0.975725044113442,0.942251821203853,0.93658206541361
977,2,1759,3.01077924366087,5.5700753663014,0.0810822383930301,2,131,2.07964026304997,4.17079351674291,0.999994542938517,1.20540948653229,3.50243821193495,0.906615075001627,0.849189097294584,0.98462609222541,0.958820387698287,3.032367210388
978,1,733,3.74460042167881,3.33498473043141,0.105820190948515,4,1923,1.9471342784582,4.64154379661645,0.999986394180042,1.06373645254771,9.80278571873554,0.918409338168487,0.859602262498811,0.985552329363588,0.96065361569936,2.97369964828751
979,1,472,3.26638420473111,4.19737475154288,0.124936130787596,4,49,1.80869080634075,5.23768339113996,0.999971858166869,0.97584426621534,10.1437818720726,0.927315172419239,0.874243006808683,0.986858382807721,0.963285704402904,1.61569362154396
980,4,450,3.08010074028195,11.5986314709508,0.108868292021576,3,1233,2.10916039925958,4.30901880256039,0.999997112715369,0.860348663468461,11.6437600557385,0.879613583400594,0.246639421442524,0.910443027434369,0.842473974750956,2.12531495704856
981,2,887,2.93029267229276,7.76289982285634,0.149621674262913,2,1369,2.22315445990054,3.69318912252341,0.999997658698471,0.998640110244406,11.7682105432344,0.930073856703036,0.797524328809232,0.980027440500002,0.950055274224146,2.79824641305992
982,4,1861,3.13968652133144,5.34117113620379,0.143934965336574,3,312,1.81801177913277,4.46009559847909,0.999999898085715,1.01895047660069,5.08946494031668,0.845822518680961,0.93605572800152,0.992523894580241,0.975575191705356,2.3219163867883
983,2,865,4.26811010523033,4.02092213254018,0.28084513271976,4,194,1.92573934975684,4.7176907715496,0.999948147398186,0.80012987553066,31.8372754536585,0.967975444544012,0.515496300766245,0.951914066630056,0.903031980177346,1.91162694969698
984,4,153,1.96010699120488,3.43832303324083,0.0283093975917067,3,76,1.99794829443017,4.82042882845365,0.999999512256997,1.58967675018618,2.92392421138157,0.942714846565538,0.498891307739541,0.949956560532195,0.900005020359889,4.36822571478735
985,3,1379,3.05694180049377,4.61125433909935,0.0377068706977127,2,1587,2.12313193058254,4.061775591587,0.999999921553706,1.04916206195779,10.0836364378281,0.915069962198422,0.439145565032959,0.942458900024176,0.888603371976329,2.05261284492929
986,2,283,2.84837236824478,4.25487824683606,0.177771970332977,1,1232,1.91677955478755,4.57075782390681,0.999993355562492,1.31995317853614,5.41540378961859,0.91130006798481,0.230998536106199,0.906959014983523,0.837645226081266,3.02379834999909
987,1,592,3.39082740771505,4.98000609093997,0.123254543129436,4,1533,2.00343205101538,4.51836343359927,0.999997154670744,1.04500699074497,3.97880456537616,0.931810669694886,0.057164098136127,0.837681166851521,0.746647690802588,1.19113608970745
988,3,975,4.14677418250988,13.296909654489,0.228838453137009,2,1278,1.96280491532983,4.34315147693192,0.999968378207962,1.81289181489442,2.47579785385434,0.92891229094542,0.627410266781226,0.964012224438016,0.922308461296105,7.31159130896226
989,3,369,3.18365869764943,3.83265224724961,0.197708548008106,1,127,1.85785562650388,5.19877721921293,0.999974641397539,1.10924189052537,5.94462118055843,0.957519275610778,0.479571214178577,0.947614024980827,0.896411216835641,4.75206596052861
990,2,1923,4.31611820442562,6.21374331493741,0.119728852387286,3,330,1.81703442512992,5.21934499410458,0.999852500667466,0.888623439707264,5.77158943166358,0.912985932211561,0.791719701839611,0.979507760863119,0.949094739632675,1.95530799274407
991,1,1791,3.91180838345221,4.50480083698883,0.230294371020043,1,1838,1.70827055788142,5.91885187319172,0.999999949456956,0.895654207934623,4.69647967791645,0.926202246912775,0.116920553147793,0.872113865393696,0.790831965472123,1.79593651920369
992,2,1365,4.15641768932737,7.3126965671422,0.192175906791543,1,524,1.84555163535642,5.12152618228073,0.999930724681811,1.04887478817118,10.5140823049542,0.95369968381528,0.452089039841667,0.944149530688792,0.891149409082307,1.68201782566406
993,4,1416,4.06119576004878,8.93228000252093,0.117524388751256,3,1448,2.02594596741853,4.31243683846206,0.99999400890361,0.760918731639009,53.8003277397252,0.799851803170784,0.703073334880173,0.971384340719328,0.9346713609138,1.19709436187126
994,2,1112,2.94735648575473,5.96298106974448,0.07998360686204,3,1646,2.09203884131742,4.04986670042487,0.999983396169677,1.00879391454878,27.6954876435164,0.926554709760555,0.0492322642821819,0.830731953194361,0.737932162055835,3.5687579915911
995,3,1898,3.10916000213977,5.34581107081445,0.139976101618425,2,1487,2.0281587889448,4.51040582549536,0.999997686698049,0.58029680127747,14.8614244793538,0.921742478071567,0.415647574700415,0.939283090943365,0.883856646638583,2.30360271572333
996,2,1654,2.98998544346885,9.07090583003894,0.132995067137803,3,1495,2.09316870731856,4.28673019305738,0.999998901001248,0.970398638855355,6.92156922545375,0.894564849256438,0.193450142396614,0.897651806184441,0.82489123564897,2.44472006270533
997,4,546,2.67911544275681,3.83840089847895,0.18953330756267,1,753,2.22660923021278,3.65948068368818,0.999999923616542,0.892914049591488,6.07881850447541,0.940764016277165,0.363704483024776,0.93169728145325,0.87269183273389,2.74963714256661
998,3,1500,3.14804552297481,6.84263310158511,0.116477588529067,3,350,2.09891127772185,4.54641174750761,0.999978156775601,0.925161104312539,6.69638619436576,0.900490329348795,0.625849615782499,0.9638544292333,0.922049718295896,3.6750069510697
999,2,589,2.59755398029108,4.55180213754924,0.0947016734607549,1,849,2.46102321809005,3.60534342742938,0.999994436595277,1.03120195257815,4.14981220098184,0.915136192663205,0.723991377511993,0.973341098982743,0.938056626505907,3.76140232218174
1000,2,718,2.34562813734989,3.91159711074125,0.0455712686101081,1,1276,1.88581497398091,4.49746918557189,0.999998957077243,0.541921919058919,11.9164605054949,0.878802716780317,0.68888148618862,0.970038954860482,0.932371408397636,3.00595063706696
